direction,model,method,fraction,seed,n_pool_profiles,n_pool_windows,n_test_windows,rmse,mae,max_error,mape_pct,r2,signed_bias,recal_a,recal_b,train_time_s,device,smoke,timestamp
cross_A_train_PAN_test_LG,bilstm,recal_affine,0.0,0,0,0,17177,0.11033847275377302,0.08703277772121705,0.36568963527679443,17.20749327315562,0.7881539897841383,0.07377370690462035,1.0,0.0,66.761,cuda,False,2026-06-09T23:25:03+00:00
cross_A_train_PAN_test_LG,bilstm,recal_bias,0.0,0,0,0,17177,0.11033847275377302,0.08703277772121705,0.36568963527679443,17.20749327315562,0.7881539897841383,0.07377370690462035,1.0,0.0,66.761,cuda,False,2026-06-09T23:25:03+00:00
cross_A_train_PAN_test_LG,bilstm,recal_affine,0.05,0,2,1212,17177,0.07138764502295823,0.05644714954589308,0.2855933899505714,11.027529244496055,0.9113226996357937,-0.012896909133163423,0.8164407907814681,0.03840258472708102,0.0,cuda,False,2026-06-09T23:25:03+00:00
cross_A_train_PAN_test_LG,bilstm,recal_bias,0.05,0,2,1212,17177,0.08350777727383268,0.06544509473754849,0.39490530778816824,16.060024735085726,0.8786554708492348,-0.01554123952681267,1.0,-0.08931494643143302,0.0,cuda,False,2026-06-09T23:25:03+00:00
cross_A_train_PAN_test_LG,bilstm,recal_affine,0.1,0,4,2139,17177,0.07319067002148558,0.05479688929838303,0.3141762393671651,11.190714560965707,0.9067867182927235,0.021784845766844193,0.8383357558751032,0.058165592828415574,0.0,cuda,False,2026-06-09T23:25:03+00:00
cross_A_train_PAN_test_LG,bilstm,recal_bias,0.1,0,4,2139,17177,0.08670778543293482,0.06358655841827636,0.35132442997022245,14.33032196948779,0.8691774708816394,0.02803963829113315,1.0,-0.045734068613487215,0.0,cuda,False,2026-06-09T23:25:03+00:00
cross_A_train_PAN_test_LG,bilstm,recal_affine,0.2,0,8,5402,17177,0.07279478236871234,0.05427122315716452,0.30961244071664673,11.370545254104588,0.9077923706808951,0.018573159504741747,0.8733728788022378,0.031080382983676505,0.0,cuda,False,2026-06-09T23:25:04+00:00
cross_A_train_PAN_test_LG,bilstm,recal_bias,0.2,0,8,5402,17177,0.08553790816908016,0.06279794496205407,0.35518318749253935,14.314010633173199,0.8726838189526037,0.02418088076881626,1.0,-0.049592826135804124,0.0,cuda,False,2026-06-09T23:25:04+00:00
cross_A_train_PAN_test_LG,bilstm,recal_affine,0.5,0,21,12741,17177,0.07005201389673209,0.05363041105118201,0.29704252669824616,10.782483191782745,0.9146098841648453,0.004242283879006402,0.8316442559868837,0.045182471529259825,0.0,cuda,False,2026-06-09T23:25:04+00:00
cross_A_train_PAN_test_LG,bilstm,recal_bias,0.5,0,21,12741,17177,0.08246852061769191,0.0617014571627972,0.3710551481339026,14.629395225917218,0.8816569493748875,0.00830892012745296,1.0,-0.06546478677716741,0.0,cuda,False,2026-06-09T23:25:04+00:00
cross_A_train_PAN_test_LG,bilstm,recal_affine,1.0,0,42,27105,17177,0.06988218782841751,0.054100535726270604,0.29146990380504545,10.92762460007393,0.9150234023206277,-0.0009541973705398455,0.8378004418128578,0.035791300898364124,0.0,cuda,False,2026-06-09T23:25:04+00:00
cross_A_train_PAN_test_LG,bilstm,recal_bias,1.0,0,42,27105,17177,0.08206040821840929,0.06219639591220859,0.37798862004870115,14.936982864942077,0.8828253409381397,0.0013754482126544247,1.0,-0.07239825869196594,0.0,cuda,False,2026-06-09T23:25:05+00:00
cross_A_train_PAN_test_LG,bilstm,recal_affine,0.0,1,0,0,17177,0.11018009851700916,0.08525131745368578,0.3659766912460327,16.997565439329136,0.7887616993287457,0.0701726998499678,1.0,0.0,35.667,cuda,False,2026-06-09T23:25:40+00:00
cross_A_train_PAN_test_LG,bilstm,recal_bias,0.0,1,0,0,17177,0.11018009851700916,0.08525131745368578,0.3659766912460327,16.997565439329136,0.7887616993287457,0.0701726998499678,1.0,0.0,35.667,cuda,False,2026-06-09T23:25:40+00:00
cross_A_train_PAN_test_LG,bilstm,recal_affine,0.05,1,2,1038,17177,0.07825227773928232,0.0635410509121731,0.2569375657161893,12.167841314642256,0.893448313586507,-0.02819917414000741,0.8152253734465691,0.026864110633617704,0.0,cuda,False,2026-06-09T23:25:40+00:00
cross_A_train_PAN_test_LG,bilstm,recal_bias,0.05,1,2,1038,17177,0.0928931516213939,0.07635436371304194,0.327335747479244,18.55262887702563,0.8498470919914077,-0.03759908660022345,1.0,-0.10777178645019127,0.0,cuda,False,2026-06-09T23:25:40+00:00
cross_A_train_PAN_test_LG,bilstm,recal_affine,0.1,1,4,2194,17177,0.073522629384886,0.05716133534188399,0.2949536406993377,11.226188117481591,0.9059392552667603,0.01014071898894838,0.8242564072508632,0.05908297712733539,0.0,cuda,False,2026-06-09T23:25:40+00:00
cross_A_train_PAN_test_LG,bilstm,recal_bias,0.1,1,4,2194,17177,0.08667866662788594,0.06548011712983928,0.31305927880033657,14.945601924430067,0.8692653235710753,0.017255287404271548,1.0,-0.05291741244569625,0.0,cuda,False,2026-06-09T23:25:40+00:00
cross_A_train_PAN_test_LG,bilstm,recal_affine,0.2,1,8,4212,17177,0.07276518522396624,0.057382916721754045,0.28329629073096885,11.24795289419823,0.9078673356073126,-0.0013163958188474902,0.8298408086420654,0.043840883722608935,0.0,cuda,False,2026-06-09T23:25:41+00:00
cross_A_train_PAN_test_LG,bilstm,recal_bias,0.2,1,8,4212,17177,0.08494510439433431,0.06590431719743134,0.2953302239634783,15.536150127368542,0.8744423839467139,-0.00047376743258662054,1.0,-0.07064646728255441,0.0,cuda,False,2026-06-09T23:25:41+00:00
cross_A_train_PAN_test_LG,bilstm,recal_affine,0.5,1,21,15809,17177,0.0728001075840319,0.05758505966433783,0.28304122608070137,11.579942642811037,0.9077788795095655,-0.0007938123300565879,0.8515288045824196,0.029663843259962276,0.0,cuda,False,2026-06-09T23:25:41+00:00
cross_A_train_PAN_test_LG,bilstm,recal_bias,0.5,1,21,15809,17177,0.0849542447719479,0.06572346004119013,0.2971371829756455,15.450404261518694,0.8744153616532846,0.0013331915795804887,1.0,-0.06883950827038732,0.0,cuda,False,2026-06-09T23:25:41+00:00
cross_A_train_PAN_test_LG,bilstm,recal_affine,1.0,1,42,27105,17177,0.07273211394818613,0.05739952456382465,0.28322793277697933,11.311731100622238,0.9079510638995008,-0.0012174053400977234,0.8345080250187014,0.04077654247512555,0.0,cuda,False,2026-06-09T23:25:41+00:00
cross_A_train_PAN_test_LG,bilstm,recal_bias,1.0,1,42,27105,17177,0.08495112327156779,0.0657430580849965,0.2969207009003376,15.460294367457509,0.8744245902750085,0.0011167095042728106,1.0,-0.069055990345695,0.0,cuda,False,2026-06-09T23:25:42+00:00
cross_A_train_PAN_test_LG,bilstm,recal_affine,0.0,2,0,0,17177,0.10403185566017498,0.08284389425368709,0.34705615043640137,16.650774256703365,0.8116788737107404,0.06900378935658334,1.0,0.0,79.72,cuda,False,2026-06-09T23:27:02+00:00
cross_A_train_PAN_test_LG,bilstm,recal_bias,0.0,2,0,0,17177,0.10403185566017498,0.08284389425368709,0.34705615043640137,16.650774256703365,0.8116788737107404,0.06900378935658334,1.0,0.0,79.72,cuda,False,2026-06-09T23:27:02+00:00
cross_A_train_PAN_test_LG,bilstm,recal_affine,0.05,2,2,1463,17177,0.07179445772443978,0.058913195393161595,0.2585678762041771,12.779545539392004,0.9103091393332875,-0.020198335065518908,0.8971472600039363,-0.01961113265307579,0.0,cuda,False,2026-06-09T23:27:02+00:00
cross_A_train_PAN_test_LG,bilstm,recal_bias,0.05,2,2,1463,17177,0.08066830002139731,0.06450279275940336,0.29346152455612806,15.858562914846482,0.8867672220348953,-0.021125117320630833,1.0,-0.09012890667721415,0.0,cuda,False,2026-06-09T23:27:02+00:00
cross_A_train_PAN_test_LG,bilstm,recal_affine,0.1,2,4,3490,17177,0.06836646973463659,0.0542196903880083,0.2833298619360858,11.3690106040188,0.918669646175922,0.0041418671287478835,0.8727809879318792,0.02121548535542484,0.0,cuda,False,2026-06-09T23:27:02+00:00
cross_A_train_PAN_test_LG,bilstm,recal_bias,0.1,2,4,3490,17177,0.07827258474890898,0.060553452696403755,0.2861451650897633,14.316247452850323,0.8933930046054056,0.008092804009945284,1.0,-0.06091098534663803,0.0,cuda,False,2026-06-09T23:27:02+00:00
cross_A_train_PAN_test_LG,bilstm,recal_affine,0.2,2,8,5525,17177,0.06816991524677171,0.054392178613148524,0.2800140356018296,11.317765687336042,0.9191366255694254,0.00032913928328698615,0.8660493994153906,0.021957404484476813,0.0,cuda,False,2026-06-09T23:27:02+00:00
cross_A_train_PAN_test_LG,bilstm,recal_bias,0.2,2,8,5525,17177,0.07794547490215738,0.060615716978913055,0.2818461733038339,14.446681729264977,0.8942821877246001,0.0037938122240158616,1.0,-0.06520997713256746,0.0,cuda,False,2026-06-09T23:27:02+00:00
cross_A_train_PAN_test_LG,bilstm,recal_affine,0.5,2,21,14340,17177,0.06816004770538592,0.05433502821325934,0.2806800641936724,11.274493580301655,0.9191600336943017,0.000819614693467017,0.8636711579428511,0.024057017218043535,0.0,cuda,False,2026-06-09T23:27:02+00:00
cross_A_train_PAN_test_LG,bilstm,recal_bias,0.5,2,21,14340,17177,0.07789145761926704,0.0606718415804076,0.28049676765858567,14.494444647849129,0.8944286647387222,0.0024444065787676637,1.0,-0.06655938277781566,0.0,cuda,False,2026-06-09T23:27:02+00:00
cross_A_train_PAN_test_LG,bilstm,recal_affine,1.0,2,42,27105,17177,0.06816411273224252,0.05447196350499481,0.27931344336027697,11.184189127079872,0.9191503909066442,-0.0011795377120734246,0.8551021715917215,0.02785570995161343,0.0,cuda,False,2026-06-09T23:27:03+00:00
cross_A_train_PAN_test_LG,bilstm,recal_bias,1.0,2,42,27105,17177,0.0778574248324576,0.060763991837903375,0.27887367405915786,14.556512652183654,0.894520898263257,0.0008213129793398367,1.0,-0.0681824763772435,0.0,cuda,False,2026-06-09T23:27:03+00:00
cross_A_train_PAN_test_LG,bilstm,recal_affine,0.0,3,0,0,17177,0.09985298354503265,0.08053876023329462,0.31391721963882446,16.086893247115025,0.8265044084279056,0.06615934898628861,1.0,0.0,41.401,cuda,False,2026-06-09T23:27:44+00:00
cross_A_train_PAN_test_LG,bilstm,recal_bias,0.0,3,0,0,17177,0.09985298354503265,0.08053876023329462,0.31391721963882446,16.086893247115025,0.8265044084279056,0.06615934898628861,1.0,0.0,41.401,cuda,False,2026-06-09T23:27:44+00:00
cross_A_train_PAN_test_LG,bilstm,recal_affine,0.05,3,2,1447,17177,0.07741381795058613,0.06077067358899512,0.30187776721932913,12.49931932020813,0.8957194468838255,0.04423105759122411,0.8735457220925157,0.06327199924649414,0.0,cuda,False,2026-06-09T23:27:44+00:00
cross_A_train_PAN_test_LG,bilstm,recal_bias,0.05,3,2,1447,17177,0.09249271116513591,0.07288428430347207,0.3021760914441257,15.07762889667531,0.8511388492554357,0.05441822079158988,1.0,-0.011741128194698731,0.0,cuda,False,2026-06-09T23:27:44+00:00
cross_A_train_PAN_test_LG,bilstm,recal_affine,0.1,3,4,3125,17177,0.06374676230614856,0.049920421091933356,0.2670681229321774,10.32535819556026,0.9292897103671566,0.00760670468089406,0.8551056896410248,0.0390718691485883,0.0,cuda,False,2026-06-09T23:27:45+00:00
cross_A_train_PAN_test_LG,bilstm,recal_bias,0.1,3,4,3125,17177,0.07595063246506097,0.05734568658036889,0.3174211512970925,13.685245234926526,0.8996241717615846,0.013226477508684671,1.0,-0.052932871477603914,0.0,cuda,False,2026-06-09T23:27:45+00:00
cross_A_train_PAN_test_LG,bilstm,recal_affine,0.2,3,8,5079,17177,0.06517165325634018,0.052290731033343724,0.27930460210166347,10.415845462390733,0.9260932969877432,-0.014417015960389364,0.8314659346005291,0.03297575517648407,0.0,cuda,False,2026-06-09T23:27:45+00:00
cross_A_train_PAN_test_LG,bilstm,recal_bias,0.2,3,8,5079,17177,0.07656536266145057,0.05958209731491145,0.34703957484413445,15.046011564603154,0.8979927498466267,-0.016391946038357346,1.0,-0.08255129502464593,0.0,cuda,False,2026-06-09T23:27:45+00:00
cross_A_train_PAN_test_LG,bilstm,recal_affine,0.5,3,21,13757,17177,0.06331156476786677,0.04998790056637273,0.2703169689443241,10.246945218063415,0.9302518894587303,0.001103637956692103,0.8482091802458488,0.037215419483171225,0.0,cuda,False,2026-06-09T23:27:45+00:00
cross_A_train_PAN_test_LG,bilstm,recal_bias,0.5,3,21,13757,17177,0.07501982408402381,0.05693222143693007,0.32478118686514157,13.851472394272726,0.9020693955141786,0.0058664419406355625,1.0,-0.060292907045653044,0.0,cuda,False,2026-06-09T23:27:45+00:00
cross_A_train_PAN_test_LG,bilstm,recal_affine,1.0,3,42,27105,17177,0.06333935960331998,0.05018922310955377,0.2723910412306557,10.254233578901907,0.9301906348424572,-0.0017465821793696298,0.8462200186339345,0.0357054240534031,0.0,cuda,False,2026-06-09T23:27:45+00:00
cross_A_train_PAN_test_LG,bilstm,recal_bias,1.0,3,42,27105,17177,0.07479068509072637,0.05708211732169833,0.33035146705070956,14.0574364918848,0.9026667163074704,0.0002961617550676129,1.0,-0.06586318723122103,0.0,cuda,False,2026-06-09T23:27:46+00:00
cross_A_train_PAN_test_LG,bilstm,recal_affine,0.0,4,0,0,17177,0.09902061993680027,0.07977798365461207,0.3117169141769409,15.693791704985161,0.8293848334803834,0.06664715642499348,1.0,0.0,36.392,cuda,False,2026-06-09T23:28:22+00:00
cross_A_train_PAN_test_LG,bilstm,recal_bias,0.0,4,0,0,17177,0.09902061993680027,0.07977798365461207,0.3117169141769409,15.693791704985161,0.8293848334803834,0.06664715642499348,1.0,0.0,36.392,cuda,False,2026-06-09T23:28:22+00:00
cross_A_train_PAN_test_LG,bilstm,recal_affine,0.05,4,2,1401,17177,0.07110188959547817,0.058247071989790344,0.25492064309770646,12.036802516180481,0.9120312060858604,-0.03435923264319305,0.864280285227059,-0.009497179159841041,0.0,cuda,False,2026-06-09T23:28:22+00:00
cross_A_train_PAN_test_LG,bilstm,recal_bias,0.05,4,2,1401,17177,0.08785794567814782,0.07153697462075674,0.31308280523975435,18.0361560779973,0.8656837862749585,-0.04853636683615365,1.0,-0.11518352326114717,0.0,cuda,False,2026-06-09T23:28:22+00:00
cross_A_train_PAN_test_LG,bilstm,recal_affine,0.1,4,4,2067,17177,0.06517092354384042,0.05114062007517285,0.25665229467648665,9.52440205083207,0.9260949520122941,-0.005694243054247564,0.7883710700537964,0.07034970627149675,0.0,cuda,False,2026-06-09T23:28:22+00:00
cross_A_train_PAN_test_LG,bilstm,recal_bias,0.1,4,4,2067,17177,0.07400697938015816,0.05734269421355349,0.27521383189238036,14.215619834596232,0.90469587250242,-0.010667393488779684,1.0,-0.07731454991377316,0.0,cuda,False,2026-06-09T23:28:22+00:00
cross_A_train_PAN_test_LG,bilstm,recal_affine,0.2,4,8,5549,17177,0.062468209929609976,0.04903929745600914,0.26046233650284634,9.973641922915629,0.9320977016310138,0.005520185950916389,0.860201028209047,0.0331326842562006,0.0,cuda,False,2026-06-09T23:28:22+00:00
cross_A_train_PAN_test_LG,bilstm,recal_bias,0.2,4,8,5549,17177,0.0737068511116029,0.05601405690625672,0.25621216053102525,13.338395065410126,0.9054672987570577,0.008334277872575421,1.0,-0.058312878552418096,0.0,cuda,False,2026-06-09T23:28:22+00:00
cross_A_train_PAN_test_LG,bilstm,recal_affine,0.5,4,21,14148,17177,0.062459139186253336,0.049462133801028284,0.25222003778759605,9.848129169970402,0.932117419807816,-0.004334213265238813,0.844562041656109,0.03382289387318979,0.0,cuda,False,2026-06-09T23:28:23+00:00
cross_A_train_PAN_test_LG,bilstm,recal_bias,0.5,4,21,14148,17177,0.073234164745383,0.05606563494268271,0.2646027662227041,13.62961828017297,0.906675898413296,-5.6327819103492225e-05,1.0,-0.06670348424409696,0.0,cuda,False,2026-06-09T23:28:23+00:00
cross_A_train_PAN_test_LG,bilstm,recal_affine,1.0,4,42,27105,17177,0.06224888361543053,0.049179986869842984,0.2546764489633906,9.88641379541985,0.9325736754599279,-0.0011916671500013269,0.8512182365307007,0.03247749116692488,0.0,cuda,False,2026-06-09T23:28:23+00:00
cross_A_train_PAN_test_LG,bilstm,recal_bias,1.0,4,42,27105,17177,0.07323931140112522,0.05601649817134518,0.263676368647606,13.589768654046505,0.9066627809317984,0.0008700697559946517,1.0,-0.06577708666899881,0.0,cuda,False,2026-06-09T23:28:23+00:00
cross_A_train_PAN_test_LG,cnn_bilstm_attn,recal_affine,0.0,0,0,0,17177,0.10367602649996863,0.08479785713866902,0.34046757221221924,16.411423449399024,0.8129649326296584,0.07286749730887429,1.0,0.0,24.545,cuda,False,2026-06-09T23:28:48+00:00
cross_A_train_PAN_test_LG,cnn_bilstm_attn,recal_bias,0.0,0,0,0,17177,0.10367602649996863,0.08479785713866902,0.34046757221221924,16.411423449399024,0.8129649326296584,0.07286749730887429,1.0,0.0,24.545,cuda,False,2026-06-09T23:28:48+00:00
cross_A_train_PAN_test_LG,cnn_bilstm_attn,recal_affine,0.05,0,2,1212,17177,0.06545262913516621,0.05195125543492057,0.20043792729710108,10.449062281227786,0.9254546522938684,-0.022471775766471712,0.8489443548281045,0.007449827230499505,0.0,cuda,False,2026-06-09T23:28:48+00:00
cross_A_train_PAN_test_LG,cnn_bilstm_attn,recal_bias,0.05,0,2,1212,17177,0.07828835554358195,0.06108229939260027,0.2578915719237953,15.263107032082427,0.8933500407396542,-0.026268237606563976,1.0,-0.09913573491543827,0.0,cuda,False,2026-06-09T23:28:48+00:00
cross_A_train_PAN_test_LG,cnn_bilstm_attn,recal_affine,0.1,0,4,2139,17177,0.06742540490808706,0.054724537847313334,0.23379231454304206,11.118845261244093,0.9208932615993429,0.02765590865879896,0.8447212278574829,0.06045123028636861,0.0,cuda,False,2026-06-09T23:28:48+00:00
cross_A_train_PAN_test_LG,cnn_bilstm_attn,recal_bias,0.1,0,4,2139,17177,0.08150435873054458,0.06359993162786354,0.302297541458036,13.603995930978371,0.8844079350904094,0.034697466554691046,1.0,-0.03817003075418321,0.0,cuda,False,2026-06-09T23:28:48+00:00
cross_A_train_PAN_test_LG,cnn_bilstm_attn,recal_affine,0.2,0,8,5402,17177,0.06381577021031752,0.051042858827198154,0.23205637030183446,10.51052460964285,0.9291365352141409,0.01589119257352611,0.8739620864916827,0.028788935744100623,0.0,cuda,False,2026-06-09T23:28:48+00:00
cross_A_train_PAN_test_LG,cnn_bilstm_attn,recal_bias,0.2,0,8,5402,17177,0.07670403384850899,0.05922711485396896,0.2886823542362307,13.261560706660946,0.8976229148261861,0.02108227933288562,1.0,-0.051785217975988646,0.0,cuda,False,2026-06-09T23:28:48+00:00
cross_A_train_PAN_test_LG,cnn_bilstm_attn,recal_affine,0.5,0,21,12741,17177,0.061874403070158276,0.04955029253648902,0.2130071464111074,9.954580430352495,0.9333824898691365,0.006560795322234105,0.8410952067135403,0.04182352192928461,0.0,cuda,False,2026-06-09T23:28:48+00:00
cross_A_train_PAN_test_LG,cnn_bilstm_attn,recal_bias,0.5,0,21,12741,17177,0.07453561320177461,0.05725242445243214,0.27839411625036425,13.258992066703176,0.903329489982377,0.010794041347019412,1.0,-0.06207345596185489,0.0,cuda,False,2026-06-09T23:28:49+00:00
cross_A_train_PAN_test_LG,cnn_bilstm_attn,recal_affine,1.0,0,42,27105,17177,0.06147733024075369,0.048969484565261574,0.20615931881529137,9.87823476408459,0.9342347688529147,-0.000501000595406656,0.8483959568430944,0.029793771742071998,0.0,cuda,False,2026-06-09T23:28:49+00:00
cross_A_train_PAN_test_LG,cnn_bilstm_attn,recal_bias,1.0,0,42,27105,17177,0.07377018424115576,0.05658799329898305,0.26933032812489155,13.455963364616103,0.9053047731862963,0.0017302532215466137,1.0,-0.07113724408732763,0.0,cuda,False,2026-06-09T23:28:49+00:00
cross_A_train_PAN_test_LG,cnn_bilstm_attn,recal_affine,0.0,1,0,0,17177,0.10586533649452362,0.08683086419486191,0.3273041844367981,16.941426166992752,0.804982350847854,0.07746147862673777,1.0,0.0,16.078,cuda,False,2026-06-09T23:29:05+00:00
cross_A_train_PAN_test_LG,cnn_bilstm_attn,recal_bias,0.0,1,0,0,17177,0.10586533649452362,0.08683086419486191,0.3273041844367981,16.941426166992752,0.804982350847854,0.07746147862673777,1.0,0.0,16.078,cuda,False,2026-06-09T23:29:05+00:00
cross_A_train_PAN_test_LG,cnn_bilstm_attn,recal_affine,0.05,1,2,1038,17177,0.07012154579685782,0.05773229562682383,0.20785952393899376,12.240443364101484,0.9144402877948732,-0.02758969981821321,0.8957562923609997,-0.03363738588488415,0.0,cuda,False,2026-06-09T23:29:05+00:00
cross_A_train_PAN_test_LG,cnn_bilstm_attn,recal_bias,0.05,1,2,1038,17177,0.0790784165841989,0.06382267544251886,0.24046764506999696,15.648882141925826,0.8911866247481431,-0.0323451258987493,1.0,-0.10980660452548709,0.0,cuda,False,2026-06-09T23:29:05+00:00
cross_A_train_PAN_test_LG,cnn_bilstm_attn,recal_affine,0.1,1,4,2194,17177,0.06678634367132034,0.05327888548959079,0.2349670710876013,10.756051701412595,0.9223857101292743,0.017585519262514497,0.856824735989293,0.03820850861346895,0.0,cuda,False,2026-06-09T23:29:05+00:00
cross_A_train_PAN_test_LG,cnn_bilstm_attn,recal_bias,0.1,1,4,2194,17177,0.07617617571062,0.059173346340359013,0.2742480524750248,13.26431465549999,0.8990271338200028,0.02440534666496449,1.0,-0.053056131961773285,0.0,cuda,False,2026-06-09T23:29:05+00:00
cross_A_train_PAN_test_LG,cnn_bilstm_attn,recal_affine,0.2,1,8,4212,17177,0.06430383529559393,0.051776227503558814,0.2184141102447016,10.502554711116757,0.9280484580748879,0.0017272155828378503,0.8670178727071557,0.015367236200305782,0.0,cuda,False,2026-06-09T23:29:05+00:00
cross_A_train_PAN_test_LG,cnn_bilstm_attn,recal_bias,0.2,1,8,4212,17177,0.07221610379594628,0.05689384662711353,0.25266703713069694,13.434554370995317,0.9092525438386658,0.002824331320636632,1.0,-0.0746371473061011,0.0,cuda,False,2026-06-09T23:29:05+00:00
cross_A_train_PAN_test_LG,cnn_bilstm_attn,recal_affine,0.5,1,21,15809,17177,0.06437168414986946,0.05198554322273259,0.21520365898270555,10.855325879921708,0.9278965416257042,0.00014288194541927008,0.8908789082570363,-0.002563475378010603,0.0,cuda,False,2026-06-09T23:29:05+00:00
cross_A_train_PAN_test_LG,cnn_bilstm_attn,recal_bias,0.5,1,21,15809,17177,0.07218211507179693,0.056923029162074666,0.251594543753471,13.468455246066918,0.9093379448573835,0.0017518379434106027,1.0,-0.07570964068332715,0.0,cuda,False,2026-06-09T23:29:06+00:00
cross_A_train_PAN_test_LG,cnn_bilstm_attn,recal_affine,1.0,1,42,27105,17177,0.06426548359486771,0.051801673617403926,0.217219482137593,10.53582692573514,0.9281342582794538,0.0006982972443307815,0.8694494352336314,0.012672537683834304,0.0,cuda,False,2026-06-09T23:29:06+00:00
cross_A_train_PAN_test_LG,cnn_bilstm_attn,recal_bias,1.0,1,42,27105,17177,0.07221335861490492,0.056895299964274386,0.2525959516012499,13.436716438195043,0.9092594429497558,0.002753245791189603,1.0,-0.07470823283554817,0.0,cuda,False,2026-06-09T23:29:06+00:00
cross_A_train_PAN_test_LG,cnn_bilstm_attn,recal_affine,0.0,2,0,0,17177,0.10841584731498431,0.08973055526830198,0.33954089879989624,17.31787207804038,0.795472415603361,0.07169909690761966,1.0,0.0,54.127,cuda,False,2026-06-09T23:30:00+00:00
cross_A_train_PAN_test_LG,cnn_bilstm_attn,recal_bias,0.0,2,0,0,17177,0.10841584731498431,0.08973055526830198,0.33954089879989624,17.31787207804038,0.795472415603361,0.07169909690761966,1.0,0.0,54.127,cuda,False,2026-06-09T23:30:00+00:00
cross_A_train_PAN_test_LG,cnn_bilstm_attn,recal_affine,0.05,2,2,1463,17177,0.07566636143296322,0.05955865542896531,0.21072509954839325,13.113050954032529,0.900374146854255,-0.025252702737642074,0.9143043295488887,-0.038738443044279584,0.0,cuda,False,2026-06-09T23:30:00+00:00
cross_A_train_PAN_test_LG,cnn_bilstm_attn,recal_bias,0.05,2,2,1463,17177,0.08552569578408772,0.0669015923624828,0.2544389200165756,16.180660735612726,0.8727201706300974,-0.026484130865379842,1.0,-0.09818322777299952,0.0,cuda,False,2026-06-09T23:30:00+00:00
cross_A_train_PAN_test_LG,cnn_bilstm_attn,recal_affine,0.1,2,4,3490,17177,0.06954502732023213,0.054621313706243645,0.22832608014355815,11.38259059230221,0.9158413972380469,-0.005188046789005893,0.8836159425643255,0.002172937197860901,0.0,cuda,False,2026-06-09T23:30:00+00:00
cross_A_train_PAN_test_LG,cnn_bilstm_attn,recal_bias,0.1,2,4,3490,17177,0.08137161487480798,0.06304397299512143,0.26499500445018187,14.651465835562135,0.8847841515614264,-0.00284679744209473,1.0,-0.07454589434971441,0.0,cuda,False,2026-06-09T23:30:00+00:00
cross_A_train_PAN_test_LG,cnn_bilstm_attn,recal_affine,0.2,2,8,5525,17177,0.06832711245922357,0.05380129551516758,0.2365218162064981,10.792121782355277,0.9187632598958309,-0.0023622404123154928,0.8471424712774362,0.02977529505401799,0.0,cuda,False,2026-06-09T23:30:00+00:00
cross_A_train_PAN_test_LG,cnn_bilstm_attn,recal_bias,0.2,2,8,5525,17177,0.08133056787671934,0.06302827365241392,0.2690358787289572,14.50708968143592,0.884900360927694,0.0011940768366806077,1.0,-0.07050502007093905,0.0,cuda,False,2026-06-09T23:30:00+00:00
cross_A_train_PAN_test_LG,cnn_bilstm_attn,recal_affine,0.5,2,21,14340,17177,0.06834575131600522,0.054060348064713645,0.24117773927461922,10.875329227560684,0.9187189329388591,0.002495795940438875,0.8485152589142362,0.033700792156915564,0.0,cuda,False,2026-06-09T23:30:01+00:00
cross_A_train_PAN_test_LG,cnn_bilstm_attn,recal_bias,0.5,2,21,14340,17177,0.08145365239258447,0.06318587167032151,0.27247451561473235,14.415785918188382,0.8845517170222992,0.004632713722455772,1.0,-0.06706638318516386,0.0,cuda,False,2026-06-09T23:30:01+00:00
cross_A_train_PAN_test_LG,cnn_bilstm_attn,recal_affine,1.0,2,42,27105,17177,0.06828445339580246,0.05380548547577813,0.23757801757803182,10.763970890118605,0.9188646662427665,-0.0018246762939656555,0.8436197992747184,0.03270582208873241,0.0,cuda,False,2026-06-09T23:30:01+00:00
cross_A_train_PAN_test_LG,cnn_bilstm_attn,recal_bias,1.0,2,42,27105,17177,0.08132216947834323,0.06301115675822183,0.26808633615699695,14.537231474531204,0.8849241306550578,0.00024453426472035076,1.0,-0.07145456264289933,0.0,cuda,False,2026-06-09T23:30:01+00:00
cross_A_train_PAN_test_LG,cnn_bilstm_attn,recal_affine,0.0,3,0,0,17177,0.10594946413801677,0.08706319769996769,0.3487018346786499,17.243353922518505,0.8046722796837662,0.07309589592773881,1.0,0.0,29.926,cuda,False,2026-06-09T23:30:31+00:00
cross_A_train_PAN_test_LG,cnn_bilstm_attn,recal_bias,0.0,3,0,0,17177,0.10594946413801677,0.08706319769996769,0.3487018346786499,17.243353922518505,0.8046722796837662,0.07309589592773881,1.0,0.0,29.926,cuda,False,2026-06-09T23:30:31+00:00
cross_A_train_PAN_test_LG,cnn_bilstm_attn,recal_affine,0.05,3,2,1447,17177,0.09230551909700442,0.07583295027603885,0.3429793391586582,15.511894199405734,0.8517407870361047,0.0661982243700538,0.866720005951779,0.08382604115913461,0.0,cuda,False,2026-06-09T23:30:31+00:00
cross_A_train_PAN_test_LG,cnn_bilstm_attn,recal_bias,0.05,3,2,1447,17177,0.11111296043757835,0.09248404360277135,0.3560037684949332,18.033599393094633,0.7851695737575866,0.08039782974402214,1.0,0.007301933816283344,0.0,cuda,False,2026-06-09T23:30:31+00:00
cross_A_train_PAN_test_LG,cnn_bilstm_attn,recal_affine,0.1,3,4,3125,17177,0.06517804401097228,0.05147029033784313,0.28758906792413275,10.863555996023033,0.926078801643865,0.010789230390002022,0.8645966071312868,0.029862445087067955,0.0,cuda,False,2026-06-09T23:30:31+00:00
cross_A_train_PAN_test_LG,cnn_bilstm_attn,recal_bias,0.1,3,4,3125,17177,0.07844695007914668,0.05983393523054959,0.2920875960421562,14.078861450307503,0.892917505588946,0.0164816572912451,1.0,-0.05661423863649368,0.0,cuda,False,2026-06-09T23:30:31+00:00
cross_A_train_PAN_test_LG,cnn_bilstm_attn,recal_affine,0.2,3,8,5079,17177,0.06642981441382435,0.052713287334260346,0.26054216659647056,10.569537942116032,0.923212163645344,-0.016607360593410732,0.8249373273789125,0.02946193201095622,0.0,cuda,False,2026-06-09T23:30:31+00:00
cross_A_train_PAN_test_LG,cnn_bilstm_attn,recal_bias,0.2,3,8,5079,17177,0.07904816768911178,0.061592928719795645,0.25646608855944253,15.61571897165551,0.8912698549135581,-0.019139850191468546,1.0,-0.09223574611920732,0.0,cuda,False,2026-06-09T23:30:31+00:00
cross_A_train_PAN_test_LG,cnn_bilstm_attn,recal_affine,0.5,3,21,13757,17177,0.0642588518539904,0.05085497830385443,0.2817064763416486,10.59619846555693,0.9281490895811039,0.004777100984242151,0.8499053610869067,0.03385064915296346,0.0,cuda,False,2026-06-09T23:30:31+00:00
cross_A_train_PAN_test_LG,cnn_bilstm_attn,recal_bias,0.5,3,21,13757,17177,0.07736158803145556,0.05900861272081165,0.2857319623087826,14.140811382936832,0.8958601124043561,0.010126023557871526,1.0,-0.06296987236986727,0.0,cuda,False,2026-06-09T23:30:31+00:00
cross_A_train_PAN_test_LG,cnn_bilstm_attn,recal_affine,1.0,3,42,27105,17177,0.06407269626011113,0.050718981224908956,0.276574267123712,10.530445198957,0.928564785611023,-0.0003810735812864383,0.8469605585539061,0.030697002130518757,0.0,cuda,False,2026-06-09T23:30:32+00:00
cross_A_train_PAN_test_LG,cnn_bilstm_attn,recal_bias,1.0,3,42,27105,17177,0.076719468022377,0.05872006082500691,0.27750273182935936,14.363770947334748,0.8975817106123881,0.0018967930784482942,1.0,-0.0711991028492905,0.0,cuda,False,2026-06-09T23:30:32+00:00
cross_A_train_PAN_test_LG,cnn_bilstm_attn,recal_affine,0.0,4,0,0,17177,0.1110597807806501,0.08990293504418577,0.3868434429168701,17.433906706962542,0.7853751640750519,0.07668354458737799,1.0,0.0,20.679,cuda,False,2026-06-09T23:30:53+00:00
cross_A_train_PAN_test_LG,cnn_bilstm_attn,recal_bias,0.0,4,0,0,17177,0.1110597807806501,0.08990293504418577,0.3868434429168701,17.433906706962542,0.7853751640750519,0.07668354458737799,1.0,0.0,20.679,cuda,False,2026-06-09T23:30:53+00:00
cross_A_train_PAN_test_LG,cnn_bilstm_attn,recal_affine,0.05,4,2,1401,17177,0.08487815881433083,0.06931849780846308,0.20848011173911496,14.255423604570575,0.8746402108909594,-0.05079545900889004,0.8621337323220929,-0.033138797974626336,0.0,cuda,False,2026-06-09T23:30:53+00:00
cross_A_train_PAN_test_LG,cnn_bilstm_attn,recal_bias,0.05,4,2,1401,17177,0.10516192135009156,0.08660107710239748,0.29458641106639055,21.212448397319363,0.8075653045535601,-0.06786104040965754,1.0,-0.14454458499703554,0.0,cuda,False,2026-06-09T23:30:53+00:00
cross_A_train_PAN_test_LG,cnn_bilstm_attn,recal_affine,0.1,4,4,2067,17177,0.07154025580576394,0.05673359175313399,0.22448210103128763,10.714814119484899,0.9109431499923926,-0.0018016569060316284,0.7585128721392043,0.0867614950414667,0.0,cuda,False,2026-06-09T23:30:53+00:00
cross_A_train_PAN_test_LG,cnn_bilstm_attn,recal_bias,0.1,4,4,2067,17177,0.08059558140630294,0.062467952343241546,0.30369933754436396,14.823146983539793,0.8869712778897265,-0.006460560785128178,1.0,-0.08314410537250617,0.0,cuda,False,2026-06-09T23:30:53+00:00
cross_A_train_PAN_test_LG,cnn_bilstm_attn,recal_affine,0.2,4,8,5549,17177,0.06831088567297718,0.054281667600479463,0.24539737570889808,10.88339774755911,0.9188018406184961,0.008411110859293323,0.846582615361838,0.036709211575555054,0.0,cuda,False,2026-06-09T23:30:53+00:00
cross_A_train_PAN_test_LG,cnn_bilstm_attn,recal_bias,0.2,4,8,5549,17177,0.0812383158115325,0.06257399068726095,0.3222328043314713,14.24893332451968,0.8851613244906317,0.012072906001979147,1.0,-0.06461063858539881,0.0,cuda,False,2026-06-09T23:30:53+00:00
cross_A_train_PAN_test_LG,cnn_bilstm_attn,recal_affine,0.5,4,21,14148,17177,0.06796122917757554,0.05395912340098526,0.22787602087810344,10.685087895933378,0.9196309559551722,-0.0048057264509188975,0.8375576730604771,0.029668032218330823,0.0,cuda,False,2026-06-09T23:30:53+00:00
cross_A_train_PAN_test_LG,cnn_bilstm_attn,recal_bias,0.5,4,21,14148,17177,0.08033716649263717,0.062079533582629076,0.30977076659853764,14.559235702809595,0.8876949275346123,-0.00038913173095447904,1.0,-0.07707267631833242,0.0,cuda,False,2026-06-09T23:30:53+00:00
cross_A_train_PAN_test_LG,cnn_bilstm_attn,recal_affine,1.0,4,42,27105,17177,0.0677839757915904,0.05380592737265264,0.23391698686674767,10.715261573534772,0.9200496390156028,-0.0007368731288918282,0.8416924461083045,0.030907510769422747,0.0,cuda,False,2026-06-09T23:30:53+00:00
cross_A_train_PAN_test_LG,cnn_bilstm_attn,recal_bias,1.0,4,42,27105,17177,0.08035150973470626,0.06203923500539905,0.31172713158747367,14.489482385540356,0.8876548224946532,0.0015672332579815202,1.0,-0.07511631132939649,0.0,cuda,False,2026-06-09T23:30:54+00:00
cross_A_train_PAN_test_LG,gru,recal_affine,0.0,0,0,0,17177,0.09817827497162547,0.07837958705642487,0.28290167450904846,15.89336487993476,0.8322752525483823,0.06379466127230568,1.0,0.0,36.775,cuda,False,2026-06-09T23:31:30+00:00
cross_A_train_PAN_test_LG,gru,recal_bias,0.0,0,0,0,17177,0.09817827497162547,0.07837958705642487,0.28290167450904846,15.89336487993476,0.8322752525483823,0.06379466127230568,1.0,0.0,36.775,cuda,False,2026-06-09T23:31:30+00:00
cross_A_train_PAN_test_LG,gru,finetune,0.0,0,0,0,17177,0.09817827497162547,0.07837958705642487,0.28290167450904846,15.89336487993476,0.8322752525483823,0.06379466503858566,1.0,0.0,36.775,cuda,False,2026-06-09T23:31:30+00:00
cross_A_train_PAN_test_LG,gru,recal_affine,0.05,0,2,1212,17177,0.06551949146543798,0.052448848793250374,0.2804668917991256,10.829048309496137,0.9253022727321222,-0.012764324806662059,0.8531028136116301,0.022067626384852847,0.0,cuda,False,2026-06-09T23:31:30+00:00
cross_A_train_PAN_test_LG,gru,recal_bias,0.05,0,2,1212,17177,0.07607411719445423,0.060049101849354636,0.35578911007680125,14.902130189373397,0.8992975133065702,-0.014766734146712063,1.0,-0.07856139541901772,0.0,cuda,False,2026-06-09T23:31:30+00:00
cross_A_train_PAN_test_LG,gru,finetune,0.05,0,2,1212,17177,0.035921164600541344,0.024541681603446525,0.17330193147063255,6.054395086774495,0.9775473725981491,-0.009711043909192085,1.0,0.0,0.453,cuda,False,2026-06-09T23:31:31+00:00
cross_A_train_PAN_test_LG,gru,recal_affine,0.1,0,4,2139,17177,0.0704554827218096,0.054753610725055066,0.2587508284973552,11.45179723628172,0.9136234324499346,0.028872749486303775,0.8650549879410964,0.05568002372739872,0.0,cuda,False,2026-06-09T23:31:31+00:00
cross_A_train_PAN_test_LG,gru,recal_bias,0.1,0,4,2139,17177,0.08244325296159154,0.062407412915169796,0.3059841812087128,13.808707562175526,0.881729456881723,0.035038194721376356,1.0,-0.028756466550929293,0.0,cuda,False,2026-06-09T23:31:31+00:00
cross_A_train_PAN_test_LG,gru,finetune,0.1,0,4,2139,17177,0.03482600000372418,0.024832743516989622,0.25502270460128784,5.635979066336229,0.9788955740401896,0.006862452253699303,1.0,0.0,1.137,cuda,False,2026-06-09T23:31:32+00:00
cross_A_train_PAN_test_LG,gru,recal_affine,0.2,0,8,5402,17177,0.06696983262516215,0.05183534671441875,0.26539975390529325,11.018928783432514,0.9219586489234394,0.017663369095509633,0.8838778864286582,0.03183296959879384,0.0,cuda,False,2026-06-09T23:31:32+00:00
cross_A_train_PAN_test_LG,gru,recal_bias,0.2,0,8,5402,17177,0.07798150914452945,0.05887833383313532,0.31839714888366055,13.525004066111554,0.8941844183073623,0.022625227046428647,1.0,-0.04116943422587701,0.0,cuda,False,2026-06-09T23:31:32+00:00
cross_A_train_PAN_test_LG,gru,finetune,0.2,0,8,5402,17177,0.02687081063329436,0.018611857625382835,0.18011480569839478,3.6993461542697608,0.9874360011184734,-0.0005005902494303882,1.0,0.0,1.256,cuda,False,2026-06-09T23:31:34+00:00
cross_A_train_PAN_test_LG,gru,recal_affine,0.5,0,21,12741,17177,0.06465952612074123,0.05055835577329856,0.25964782372278855,10.462819912499723,0.927250269770755,0.006992399967115381,0.8509743950520933,0.04325336908329805,0.0,cuda,False,2026-06-09T23:31:34+00:00
cross_A_train_PAN_test_LG,gru,recal_bias,0.5,0,21,12741,17177,0.07543234055653505,0.05749477786592462,0.33003041831184854,13.623046525043916,0.9009894394478455,0.010991957618240643,1.0,-0.05280270365406506,0.0,cuda,False,2026-06-09T23:31:34+00:00
cross_A_train_PAN_test_LG,gru,finetune,0.5,0,21,12741,17177,0.014449220599785362,0.010907716873451767,0.0849604606628418,2.095833779894484,0.9963670853440107,0.0004943166277371347,1.0,0.0,5.858,cuda,False,2026-06-09T23:31:40+00:00
cross_A_train_PAN_test_LG,gru,recal_affine,1.0,0,42,27105,17177,0.0642464917622625,0.0506295616673478,0.26999365760097466,10.544821090219171,0.9281767277478966,-5.610485800137224e-06,0.8576818026247957,0.03175201242223357,0.0,cuda,False,2026-06-09T23:31:40+00:00
cross_A_train_PAN_test_LG,gru,recal_bias,1.0,0,42,27105,17177,0.07465809353588822,0.05757785900418517,0.3388738739269369,13.918390811320618,0.9030115221260394,0.002148502003152269,1.0,-0.06164615926915342,0.0,cuda,False,2026-06-09T23:31:40+00:00
cross_A_train_PAN_test_LG,gru,finetune,1.0,0,42,27105,17177,0.01373932541873278,0.010126906017100373,0.09846228361129761,1.911748453619264,0.9967152889431103,-0.0012872390216216445,1.0,0.0,12.935,cuda,False,2026-06-09T23:31:53+00:00
cross_A_train_PAN_test_LG,gru,recal_affine,0.0,1,0,0,17177,0.09683759282859888,0.07640214241056925,0.32670295238494873,14.621941012970819,0.8368247363933791,0.06597001417805959,1.0,0.0,28.344,cuda,False,2026-06-09T23:32:22+00:00
cross_A_train_PAN_test_LG,gru,recal_bias,0.0,1,0,0,17177,0.09683759282859888,0.07640214241056925,0.32670295238494873,14.621941012970819,0.8368247363933791,0.06597001417805959,1.0,0.0,28.344,cuda,False,2026-06-09T23:32:22+00:00
cross_A_train_PAN_test_LG,gru,finetune,0.0,1,0,0,17177,0.09683759282859888,0.07640214241056925,0.32670295238494873,14.621941012970819,0.8368247363933791,0.06597001105546951,1.0,0.0,28.344,cuda,False,2026-06-09T23:32:22+00:00
cross_A_train_PAN_test_LG,gru,recal_affine,0.05,1,2,1038,17177,0.0658684023294286,0.0526182757896097,0.21799777163991219,9.83080686335437,0.9245045789710227,-0.025696330696868677,0.8253736445318697,0.025957475743727587,0.0,cuda,False,2026-06-09T23:32:22+00:00
cross_A_train_PAN_test_LG,gru,recal_bias,0.05,1,2,1038,17177,0.07859696432749837,0.06429047949340799,0.2693785682521574,15.797659847130316,0.8925075658932079,-0.03394121664457431,1.0,-0.09991123082263391,0.0,cuda,False,2026-06-09T23:32:22+00:00
cross_A_train_PAN_test_LG,gru,finetune,0.05,1,2,1038,17177,0.032658876977555894,0.024665328319479273,0.16954457014799118,5.870155610620657,0.9814403899986919,0.006455831229686737,1.0,0.0,0.423,cuda,False,2026-06-09T23:32:22+00:00
cross_A_train_PAN_test_LG,gru,recal_affine,0.1,1,4,2194,17177,0.061469721763582064,0.04671604836373607,0.22183187204306742,9.181647259184162,0.934251046147151,0.01269115263185216,0.8411247485335163,0.053735420628673265,0.0,cuda,False,2026-06-09T23:32:22+00:00
cross_A_train_PAN_test_LG,gru,recal_bias,0.1,1,4,2194,17177,0.07351717851055822,0.05356167373674578,0.28020853632271514,11.976825168962884,0.9059532018379602,0.01947559811582591,1.0,-0.04649441606223366,0.0,cuda,False,2026-06-09T23:32:22+00:00
cross_A_train_PAN_test_LG,gru,finetune,0.1,1,4,2194,17177,0.03126316123548957,0.025099967128965943,0.1352739930152893,5.284981946573705,0.9829928268510941,0.0031468088272958994,1.0,0.0,0.412,cuda,False,2026-06-09T23:32:23+00:00
cross_A_train_PAN_test_LG,gru,recal_affine,0.2,1,8,4212,17177,0.06004872667445851,0.04582775375425952,0.2103911931601271,8.90046884621834,0.9372557463422225,0.0018940829116352916,0.8479779956720576,0.03832217994206293,0.0,cuda,False,2026-06-09T23:32:23+00:00
cross_A_train_PAN_test_LG,gru,recal_bias,0.2,1,8,4212,17177,0.07096307018842513,0.05327620660946453,0.2639392938302141,12.501705388236854,0.9123743714992555,0.0032063556233250445,1.0,-0.06276365855473455,0.0,cuda,False,2026-06-09T23:32:23+00:00
cross_A_train_PAN_test_LG,gru,finetune,0.2,1,8,4212,17177,0.03194463542627332,0.024999103261921386,0.12364980950951576,5.393807612688912,0.9822433013444127,0.00622895359992981,1.0,0.0,0.703,cuda,False,2026-06-09T23:32:24+00:00
cross_A_train_PAN_test_LG,gru,recal_affine,0.5,1,21,15809,17177,0.05996520017732572,0.046048438483213716,0.2063303507083556,9.164569298004404,0.9374301767785512,-0.0004065750391416606,0.8667207049021453,0.023396915227447232,0.0,cuda,False,2026-06-09T23:32:24+00:00
cross_A_train_PAN_test_LG,gru,recal_bias,0.5,1,21,15809,17177,0.07090708042361181,0.053459913009966095,0.2622618070751801,12.59495228761908,0.9125125899514773,0.0015288688682908531,1.0,-0.06444114530976873,0.0,cuda,False,2026-06-09T23:32:24+00:00
cross_A_train_PAN_test_LG,gru,finetune,0.5,1,21,15809,17177,0.014769062772302262,0.011099435625437455,0.09227132797241211,2.131456396159397,0.9962044717772032,-0.0005728648975491524,1.0,0.0,6.67,cuda,False,2026-06-09T23:32:31+00:00
cross_A_train_PAN_test_LG,gru,recal_affine,1.0,1,42,27105,17177,0.059944133252807785,0.04594706468024365,0.2076890754499061,9.007906284369756,0.9374741330129227,-7.550413267657287e-05,0.8557780923468659,0.03109864844230908,0.0,cuda,False,2026-06-09T23:32:31+00:00
cross_A_train_PAN_test_LG,gru,recal_bias,1.0,1,42,27105,17177,0.07092170833584968,0.05339276683563754,0.26283343793105174,12.562294472582069,0.9124764894618352,0.0021004997241624856,1.0,-0.06386951445389709,0.0,cuda,False,2026-06-09T23:32:31+00:00
cross_A_train_PAN_test_LG,gru,finetune,1.0,1,42,27105,17177,0.01319691437675115,0.009920263921776591,0.09513205289840698,1.8873070230346778,0.996969521897299,-0.0006186249083839357,1.0,0.0,12.664,cuda,False,2026-06-09T23:32:44+00:00
cross_A_train_PAN_test_LG,gru,recal_affine,0.0,2,0,0,17177,0.09027502273882651,0.0720609256892194,0.3037087321281433,14.317930689480288,0.8581917278724085,0.056684417968586934,1.0,0.0,19.146,cuda,False,2026-06-09T23:33:03+00:00
cross_A_train_PAN_test_LG,gru,recal_bias,0.0,2,0,0,17177,0.09027502273882651,0.0720609256892194,0.3037087321281433,14.317930689480288,0.8581917278724085,0.056684417968586934,1.0,0.0,19.146,cuda,False,2026-06-09T23:33:03+00:00
cross_A_train_PAN_test_LG,gru,finetune,0.0,2,0,0,17177,0.09027502273882651,0.0720609256892194,0.3037087321281433,14.317930689480288,0.8581917278724085,0.05668441951274872,1.0,0.0,19.146,cuda,False,2026-06-09T23:33:03+00:00
cross_A_train_PAN_test_LG,gru,recal_affine,0.05,2,2,1463,17177,0.06073567155503097,0.048405693272327875,0.2132647429635545,10.614385451442093,0.9358119727843821,-0.007983142627990096,0.90779404083046,-0.0034161858886012533,0.0,cuda,False,2026-06-09T23:33:03+00:00
cross_A_train_PAN_test_LG,gru,recal_bias,0.05,2,2,1463,17177,0.07066585792818092,0.054846093223795446,0.2609475822030724,13.431258820523876,0.9131068334025507,-0.007563530040111348,1.0,-0.0642479480086983,0.0,cuda,False,2026-06-09T23:33:03+00:00
cross_A_train_PAN_test_LG,gru,finetune,0.05,2,2,1463,17177,0.044742744418982176,0.03397269257607106,0.14584978856146336,8.008767769983992,0.9651653388113355,-0.01430424302816391,1.0,0.0,0.547,cuda,False,2026-06-09T23:33:04+00:00
cross_A_train_PAN_test_LG,gru,recal_affine,0.1,2,4,3490,17177,0.05905771817102637,0.04700116840071222,0.19885005445691933,9.830403992339248,0.9393096449246514,-0.0036490916590152266,0.879831566377159,0.019493020264781006,0.0,cuda,False,2026-06-09T23:33:04+00:00
cross_A_train_PAN_test_LG,gru,recal_bias,0.1,2,4,3490,17177,0.0702671961933849,0.05440634667832734,0.2543951757070755,13.117112095364982,0.9140844842209712,-0.001011123544114477,1.0,-0.05769554151270143,0.0,cuda,False,2026-06-09T23:33:04+00:00
cross_A_train_PAN_test_LG,gru,finetune,0.1,2,4,3490,17177,0.0360143069492053,0.02699578852294217,0.1397354006767273,5.852935704076159,0.9774307838519098,-0.015773624181747437,1.0,0.0,1.111,cuda,False,2026-06-09T23:33:05+00:00
cross_A_train_PAN_test_LG,gru,recal_affine,0.2,2,8,5525,17177,0.05875102373637191,0.046670793246636706,0.20456976482456224,9.603412628582308,0.9399383540526638,0.001010586110142715,0.8709164728535828,0.03007489372375513,0.0,cuda,False,2026-06-09T23:33:05+00:00
cross_A_train_PAN_test_LG,gru,recal_bias,0.2,2,8,5525,17177,0.07039954951717337,0.05448916941690631,0.251456027390663,12.936569393566458,0.9137605232851207,0.004431713231106509,1.0,-0.05225270473748041,0.0,cuda,False,2026-06-09T23:33:05+00:00
cross_A_train_PAN_test_LG,gru,finetune,0.2,2,8,5525,17177,0.022760346312205984,0.016484886732733402,0.12954482436180115,3.297965334191154,0.9909858644594809,-0.005032162647694349,1.0,0.0,2.732,cuda,False,2026-06-09T23:33:08+00:00
cross_A_train_PAN_test_LG,gru,recal_affine,0.5,2,21,14340,17177,0.05877971669726478,0.046701897253036195,0.20946760045056212,9.438990485660021,0.9398796736357223,0.004270907180884291,0.857144636565519,0.04248368971406306,0.0,cuda,False,2026-06-09T23:33:08+00:00
cross_A_train_PAN_test_LG,gru,recal_bias,0.5,2,21,14340,17177,0.07056565592750352,0.05463116096077651,0.2535859684037718,12.886020118635907,0.9133530823368393,0.006561654244215397,1.0,-0.05012276372437156,0.0,cuda,False,2026-06-09T23:33:08+00:00
cross_A_train_PAN_test_LG,gru,finetune,0.5,2,21,14340,17177,0.01702570173661342,0.012735126156735324,0.08183220028877258,2.6514335359933074,0.994955984710734,-0.0005942392745055258,1.0,0.0,6.602,cuda,False,2026-06-09T23:33:15+00:00
cross_A_train_PAN_test_LG,gru,recal_affine,1.0,2,42,27105,17177,0.05862671866999103,0.04660081280495948,0.20502730252834622,9.406397541149866,0.9401922413277432,-0.000340117688193136,0.8557087876110242,0.03882648304858032,0.0,cuda,False,2026-06-09T23:33:15+00:00
cross_A_train_PAN_test_LG,gru,recal_bias,1.0,2,42,27105,17177,0.07028278242325792,0.05439869126676258,0.25159156364226415,13.014751113704376,0.9140463655093556,0.0017924885206969101,1.0,-0.05489192944789005,0.0,cuda,False,2026-06-09T23:33:15+00:00
cross_A_train_PAN_test_LG,gru,finetune,1.0,2,42,27105,17177,0.015104056192523817,0.011295157268104658,0.0840798020362854,2.316630464368897,0.9960303379289842,-0.0004966267733834684,1.0,0.0,11.978,cuda,False,2026-06-09T23:33:27+00:00
cross_A_train_PAN_test_LG,gru,recal_affine,0.0,3,0,0,17177,0.09995128772117934,0.08050903746364953,0.32307249307632446,16.575135317641756,0.8261626312273109,0.05244310426828803,1.0,0.0,21.458,cuda,False,2026-06-09T23:33:49+00:00
cross_A_train_PAN_test_LG,gru,recal_bias,0.0,3,0,0,17177,0.09995128772117934,0.08050903746364953,0.32307249307632446,16.575135317641756,0.8261626312273109,0.05244310426828803,1.0,0.0,21.458,cuda,False,2026-06-09T23:33:49+00:00
cross_A_train_PAN_test_LG,gru,finetune,0.0,3,0,0,17177,0.09995128772117934,0.08050903746364953,0.32307249307632446,16.575135317641756,0.8261626312273109,0.05244310200214386,1.0,0.0,21.458,cuda,False,2026-06-09T23:33:49+00:00
cross_A_train_PAN_test_LG,gru,recal_affine,0.05,3,2,1447,17177,0.11872421660895759,0.10153802284294984,0.31050130768924444,21.355068472604913,0.754729691347191,0.09549971029724906,0.8597001497946111,0.1356611523496815,0.0,cuda,False,2026-06-09T23:33:49+00:00
cross_A_train_PAN_test_LG,gru,recal_bias,0.05,3,2,1447,17177,0.14333830509920192,0.12444598716331497,0.38598054388194303,23.347583281954503,0.6424877872108559,0.1153511550739066,1.0,0.06290805080561862,0.0,cuda,False,2026-06-09T23:33:49+00:00
cross_A_train_PAN_test_LG,gru,finetune,0.05,3,2,1447,17177,0.09809528434116634,0.08429424643061967,0.2580888867378235,19.364638773002095,0.8325586899868417,0.08157806098461151,1.0,0.0,0.542,cuda,False,2026-06-09T23:33:49+00:00
cross_A_train_PAN_test_LG,gru,recal_affine,0.1,3,4,3125,17177,0.07172269821069059,0.05607761679220036,0.26437105137490324,12.050017041929047,0.9104883441419349,-0.005825292947264978,0.8794463736030664,0.021302706128197124,0.0,cuda,False,2026-06-09T23:33:49+00:00
cross_A_train_PAN_test_LG,gru,recal_bias,0.1,3,4,3125,17177,0.08514526770098348,0.0645556319299093,0.3232359696102142,15.479398794213669,0.8738499628027125,-0.0031202371776348566,1.0,-0.05556334144592285,0.0,cuda,False,2026-06-09T23:33:49+00:00
cross_A_train_PAN_test_LG,gru,finetune,0.1,3,4,3125,17177,0.049107326187327396,0.032606146657550863,0.20842751115560532,7.573537120381826,0.9580377343618088,-0.01423622015863657,1.0,0.0,0.588,cuda,False,2026-06-09T23:33:50+00:00
cross_A_train_PAN_test_LG,gru,recal_affine,0.2,3,8,5079,17177,0.07128920201385082,0.05683931580399438,0.22341900008304916,11.181970743114903,0.9115671016248953,-0.010255494996484083,0.7905882036468524,0.07552310494304511,0.0,cuda,False,2026-06-09T23:33:50+00:00
cross_A_train_PAN_test_LG,gru,recal_bias,0.2,3,8,5079,17177,0.08589335176012597,0.06501066363452443,0.33184974899815867,15.87326940255159,0.8716235231130555,-0.011734016565579257,1.0,-0.06417712083386727,0.0,cuda,False,2026-06-09T23:33:50+00:00
cross_A_train_PAN_test_LG,gru,finetune,0.2,3,8,5079,17177,0.03324955590811793,0.02458334390767803,0.12400072813034058,5.585387866848111,0.9807629687457541,0.0055935014970600605,1.0,0.0,1.46,cuda,False,2026-06-09T23:33:52+00:00
cross_A_train_PAN_test_LG,gru,recal_affine,0.5,3,21,13757,17177,0.06998266303735202,0.05580422301236357,0.23393092463657963,11.519686848187137,0.9147788713583243,0.002291853159632422,0.8357381162812269,0.05826937227259203,0.0,cuda,False,2026-06-09T23:33:52+00:00
cross_A_train_PAN_test_LG,gru,recal_bias,0.5,3,21,13757,17177,0.08544087283740552,0.06523604099649764,0.31235931448418014,15.218066911322332,0.8729725134216235,0.007756417948399307,1.0,-0.04468668631988876,0.0,cuda,False,2026-06-09T23:33:52+00:00
cross_A_train_PAN_test_LG,gru,finetune,0.5,3,21,13757,17177,0.016018971351599815,0.011525515866632157,0.10695534944534302,2.166674132705099,0.995534854638711,0.0010793545516207814,1.0,0.0,6.691,cuda,False,2026-06-09T23:33:59+00:00
cross_A_train_PAN_test_LG,gru,recal_affine,1.0,3,42,27105,17177,0.06990574479031265,0.05567749428467833,0.2337226248096857,11.39464612736901,0.914966102229349,-0.0015535602575700574,0.8278009709462315,0.05966285071274261,0.0,cuda,False,2026-06-09T23:33:59+00:00
cross_A_train_PAN_test_LG,gru,recal_bias,1.0,3,42,27105,17177,0.08509207481457642,0.0646409677490841,0.3192908297583057,15.354426463534432,0.8740075332401234,0.000824902674273715,1.0,-0.05161820159401429,0.0,cuda,False,2026-06-09T23:33:59+00:00
cross_A_train_PAN_test_LG,gru,finetune,1.0,3,42,27105,17177,0.014109509699506216,0.010453251312530908,0.08406001329421997,1.9730193066471817,0.9965359017809527,0.0005030999891459942,1.0,0.0,12.33,cuda,False,2026-06-09T23:34:11+00:00
cross_A_train_PAN_test_LG,gru,recal_affine,0.0,4,0,0,17177,0.10199566543549524,0.0803759050027812,0.3536970019340515,15.71006896642536,0.8189786565029266,0.06575874833751975,1.0,0.0,20.684,cuda,False,2026-06-09T23:34:32+00:00
cross_A_train_PAN_test_LG,gru,recal_bias,0.0,4,0,0,17177,0.10199566543549524,0.0803759050027812,0.3536970019340515,15.71006896642536,0.8189786565029266,0.06575874833751975,1.0,0.0,20.684,cuda,False,2026-06-09T23:34:32+00:00
cross_A_train_PAN_test_LG,gru,finetune,0.0,4,0,0,17177,0.10199566543549524,0.0803759050027812,0.3536970019340515,15.71006896642536,0.8189786565029266,0.06575874984264374,1.0,0.0,20.684,cuda,False,2026-06-09T23:34:32+00:00
cross_A_train_PAN_test_LG,gru,recal_affine,0.05,4,2,1401,17177,0.06959717697620549,0.05557815484454664,0.2256818959970125,10.939397508766453,0.9157151340707542,-0.031940034208922566,0.8187209715608781,0.024367809372986295,0.0,cuda,False,2026-06-09T23:34:32+00:00
cross_A_train_PAN_test_LG,gru,recal_bias,0.05,4,2,1401,17177,0.09338244161706297,0.07566758696285268,0.36605147723318593,19.294757731524307,0.8482611450870298,-0.05139433448982439,1.0,-0.1171530828273441,0.0,cuda,False,2026-06-09T23:34:32+00:00
cross_A_train_PAN_test_LG,gru,finetune,0.05,4,2,1401,17177,0.03598766813723074,0.02565957563027324,0.214528176933527,6.1371341019364545,0.9774641591854508,-0.006170913577079773,1.0,0.0,0.54,cuda,False,2026-06-09T23:34:33+00:00
cross_A_train_PAN_test_LG,gru,recal_affine,0.1,4,4,2067,17177,0.06517260897485244,0.050431797513262586,0.2119053573170564,9.587651365509878,0.9260911293421908,-0.008284178910888632,0.7612055556712187,0.08675241813428697,0.0,cuda,False,2026-06-09T23:34:33+00:00
cross_A_train_PAN_test_LG,gru,recal_bias,0.1,4,4,2067,17177,0.07937987398592154,0.05975732917458335,0.32956558361786487,15.047847082578745,0.8903554214256831,-0.014908440874503248,1.0,-0.08066718921202302,0.0,cuda,False,2026-06-09T23:34:33+00:00
cross_A_train_PAN_test_LG,gru,finetune,0.1,4,4,2067,17177,0.030388233832660726,0.023273911043665853,0.1497376561164856,5.045999688078205,0.9839314284283583,-0.0005576038383878767,1.0,0.0,1.022,cuda,False,2026-06-09T23:34:34+00:00
cross_A_train_PAN_test_LG,gru,recal_affine,0.2,4,8,5549,17177,0.06196854924328466,0.04711292341740858,0.21744040816739296,9.57077692337481,0.9331796093626152,0.004657021909023547,0.8367321047311271,0.04883683467771784,0.0,cuda,False,2026-06-09T23:34:34+00:00
cross_A_train_PAN_test_LG,gru,recal_bias,0.2,4,8,5549,17177,0.07836323764772578,0.05699756741981857,0.306789854142978,13.650540265385553,0.8931459237250078,0.007867288600383587,1.0,-0.057891459737136185,0.0,cuda,False,2026-06-09T23:34:34+00:00
cross_A_train_PAN_test_LG,gru,finetune,0.2,4,8,5549,17177,0.021725330967912706,0.016605051784255268,0.11340928077697754,3.296261088683371,0.9917870504518858,0.00328544108197093,1.0,0.0,2.432,cuda,False,2026-06-09T23:34:37+00:00
cross_A_train_PAN_test_LG,gru,recal_affine,0.5,4,21,14148,17177,0.06197847487448321,0.04764663057349437,0.2026047074288484,9.52149423874109,0.9331582021269147,-0.005069767259866358,0.8256334058891859,0.04658349874851608,0.0,cuda,False,2026-06-09T23:34:37+00:00
cross_A_train_PAN_test_LG,gru,recal_bias,0.5,4,21,14148,17177,0.07796796012327116,0.057182858342042134,0.314973403825031,14.003988820365723,0.8942211853058856,-0.000316261081669355,1.0,-0.06607500941918913,0.0,cuda,False,2026-06-09T23:34:37+00:00
cross_A_train_PAN_test_LG,gru,finetune,0.5,4,21,14148,17177,0.017540985375083997,0.012600915829519901,0.11971589922904968,2.4230417678002745,0.9946460498241049,0.0006210421561263502,1.0,0.0,7.067,cuda,False,2026-06-09T23:34:44+00:00
cross_A_train_PAN_test_LG,gru,recal_affine,1.0,4,42,27105,17177,0.061775852611683946,0.047289291313801836,0.20779214085315312,9.501960549470327,0.9335945309552731,-0.0013381062049383676,0.8287959540934062,0.04818561683096651,0.0,cuda,False,2026-06-09T23:34:44+00:00
cross_A_train_PAN_test_LG,gru,recal_bias,1.0,4,42,27105,17177,0.07797463696117285,0.057079472190220616,0.31358886164061767,13.931000377436192,0.8942030676524573,0.0010682811027439441,1.0,-0.06469046723477583,0.0,cuda,False,2026-06-09T23:34:44+00:00
cross_A_train_PAN_test_LG,gru,finetune,1.0,4,42,27105,17177,0.01545986897504222,0.011198658153259442,0.10738086700439453,2.213120465771927,0.9958411048629437,0.0005090257618576288,1.0,0.0,11.918,cuda,False,2026-06-09T23:34:56+00:00
cross_A_train_PAN_test_LG,linear,recal_affine,0.0,0,0,0,17177,0.09922943686403042,0.07979938376506451,0.4183029234409332,18.0799105541112,0.8286644804731056,0.05092978004079665,1.0,0.0,1.26,cpu,False,2026-06-09T23:34:58+00:00
cross_A_train_PAN_test_LG,linear,recal_bias,0.0,0,0,0,17177,0.09922943686403042,0.07979938376506451,0.4183029234409332,18.0799105541112,0.8286644804731056,0.05092978004079665,1.0,0.0,1.26,cpu,False,2026-06-09T23:34:58+00:00
cross_A_train_PAN_test_LG,linear,recal_affine,0.05,0,2,1212,17177,0.09305899836497532,0.07254544974960647,0.3303325359128775,15.784614886532625,0.8493104625388517,-0.037348097352547106,1.00338425301951,-0.09050652320645022,0.0,cpu,False,2026-06-09T23:34:58+00:00
cross_A_train_PAN_test_LG,linear,recal_bias,0.05,0,2,1212,17177,0.09294305014066875,0.07253126963614759,0.33014718573478974,15.737137239819665,0.8496857362842134,-0.03722595766534684,1.0,-0.08815573770614347,0.0,cpu,False,2026-06-09T23:34:58+00:00
cross_A_train_PAN_test_LG,linear,recal_affine,0.1,0,4,2139,17177,0.08829664723375474,0.07015311478090913,0.38264188198389926,15.846349334455411,0.864339073601795,0.02225363291960971,0.923123808568766,0.021949441796983136,0.0,cpu,False,2026-06-09T23:34:58+00:00
cross_A_train_PAN_test_LG,linear,recal_bias,0.1,0,4,2139,17177,0.08875432304522175,0.07001535371896069,0.39236696691449524,16.02105173249661,0.8629290622025111,0.02499382351435868,1.0,-0.02593595652643795,0.0,cpu,False,2026-06-09T23:34:58+00:00
cross_A_train_PAN_test_LG,linear,recal_affine,0.2,0,8,5402,17177,0.08488370374588647,0.06667799770214745,0.3676282572805518,14.95556670236102,0.8746238313142741,0.0024942290411754066,0.9753561560907558,-0.032206740910493206,0.0,cpu,False,2026-06-09T23:34:58+00:00
cross_A_train_PAN_test_LG,linear,recal_bias,0.2,0,8,5402,17177,0.08521756983156654,0.06650835168971635,0.37043836160595,15.098482992198203,0.8736356281890114,0.0030652182058134355,1.0,-0.047864561834983235,0.0,cpu,False,2026-06-09T23:34:58+00:00
cross_A_train_PAN_test_LG,linear,recal_affine,0.5,0,21,12741,17177,0.0853438008102682,0.06792415103220995,0.3632594492563962,14.92471697744429,0.8732609891944922,0.0023993923529764113,0.9283165556621027,-0.0013243994913955826,0.0,cpu,False,2026-06-09T23:34:58+00:00
cross_A_train_PAN_test_LG,linear,recal_bias,0.5,0,21,12741,17177,0.08524753187465747,0.06654664850570634,0.371181429809018,15.114512735473532,0.8735467544895329,0.003808286408881434,1.0,-0.047121493631915236,0.0,cpu,False,2026-06-09T23:34:58+00:00
cross_A_train_PAN_test_LG,linear,recal_affine,1.0,0,42,27105,17177,0.08502070896745924,0.06706854538664708,0.35826158411780074,14.752505667928187,0.8742187817865068,-0.005234748270179249,0.9573315713619709,-0.02806591562221689,0.0,cpu,False,2026-06-09T23:34:58+00:00
cross_A_train_PAN_test_LG,linear,recal_bias,1.0,0,42,27105,17177,0.08530265551451544,0.06641485943935439,0.3624839315536914,14.98366966452101,0.8733831646072256,-0.004889211846445151,1.0,-0.05581899188724177,0.0,cpu,False,2026-06-09T23:34:58+00:00
cross_A_train_PAN_test_LG,linear,recal_affine,0.0,1,0,0,17177,0.09922943686403042,0.07979938376506451,0.4183029234409332,18.0799105541112,0.8286644804731056,0.05092978004079665,1.0,0.0,0.157,cpu,False,2026-06-09T23:34:58+00:00
cross_A_train_PAN_test_LG,linear,recal_bias,0.0,1,0,0,17177,0.09922943686403042,0.07979938376506451,0.4183029234409332,18.0799105541112,0.8286644804731056,0.05092978004079665,1.0,0.0,0.157,cpu,False,2026-06-09T23:34:58+00:00
cross_A_train_PAN_test_LG,linear,recal_affine,0.05,1,2,1038,17177,0.08505294222674364,0.06653938385116386,0.3612521959591244,14.878551781296673,0.8741233907408564,-0.004729154247462888,0.9846818355675228,-0.04557140158012314,0.0,cpu,False,2026-06-09T23:34:58+00:00
cross_A_train_PAN_test_LG,linear,recal_bias,0.05,1,2,1038,17177,0.08530961731102175,0.06641813989682756,0.36236393583762627,14.98275767873526,0.8733624966313683,-0.005009207562510315,1.0,-0.055938987603307,0.0,cpu,False,2026-06-09T23:34:58+00:00
cross_A_train_PAN_test_LG,linear,recal_affine,0.1,1,4,2194,17177,0.08671057322590338,0.0695379968767754,0.35680323118586565,14.955443595317453,0.8691690584423659,-0.0005673573858231852,0.8899112452071315,0.021000055018746362,0.0,cpu,False,2026-06-09T23:34:58+00:00
cross_A_train_PAN_test_LG,linear,recal_bias,0.1,1,4,2194,17177,0.08519177018418282,0.06647095240678283,0.36960900157228205,15.081659306578082,0.8737121303172544,0.002235858172145473,1.0,-0.04869392186865115,0.0,cpu,False,2026-06-09T23:34:58+00:00
cross_A_train_PAN_test_LG,linear,recal_affine,0.2,1,8,4212,17177,0.08530514235298908,0.06785144435248516,0.36415112284234263,14.941235588617428,0.8733757819482552,0.003062721004078329,0.9308297345420424,-0.0023160846811844248,0.0,cpu,False,2026-06-09T23:34:58+00:00
cross_A_train_PAN_test_LG,linear,recal_bias,0.2,1,8,4212,17177,0.0852424812687311,0.06654035816081261,0.37106664681847845,15.111968655885915,0.8735617378345714,0.0036935034183418797,1.0,-0.047236276622454776,0.0,cpu,False,2026-06-09T23:34:58+00:00
cross_A_train_PAN_test_LG,linear,recal_affine,0.5,1,21,15809,17177,0.08516877758952364,0.06655449517564162,0.3602389143148794,14.887366893477584,0.8737802893413157,-0.006011048000764522,0.9876381975285923,-0.048800160319163594,0.0,cpu,False,2026-06-09T23:34:58+00:00
cross_A_train_PAN_test_LG,linear,recal_bias,0.5,1,21,15809,17177,0.08536819310842131,0.06644805692162371,0.36144948327754,14.976677235805141,0.8731885317342503,-0.005923660122596588,1.0,-0.05685344016339327,0.0,cpu,False,2026-06-09T23:34:58+00:00
cross_A_train_PAN_test_LG,linear,recal_affine,1.0,1,42,27105,17177,0.08502070896745924,0.06706854538664708,0.35826158411780074,14.752505667928187,0.8742187817865068,-0.005234748270179249,0.9573315713619709,-0.02806591562221689,0.0,cpu,False,2026-06-09T23:34:58+00:00
cross_A_train_PAN_test_LG,linear,recal_bias,1.0,1,42,27105,17177,0.08530265551451544,0.06641485943935439,0.3624839315536914,14.98366966452101,0.8733831646072256,-0.004889211846445151,1.0,-0.05581899188724177,0.0,cpu,False,2026-06-09T23:34:58+00:00
cross_A_train_PAN_test_LG,linear,recal_affine,0.0,2,0,0,17177,0.09922943686403042,0.07979938376506451,0.4183029234409332,18.0799105541112,0.8286644804731056,0.05092978004079665,1.0,0.0,0.155,cpu,False,2026-06-09T23:34:59+00:00
cross_A_train_PAN_test_LG,linear,recal_bias,0.0,2,0,0,17177,0.09922943686403042,0.07979938376506451,0.4183029234409332,18.0799105541112,0.8286644804731056,0.05092978004079665,1.0,0.0,0.155,cpu,False,2026-06-09T23:34:59+00:00
cross_A_train_PAN_test_LG,linear,recal_affine,0.05,2,2,1463,17177,0.10038099102602577,0.07775228571457074,0.3343484843614967,17.450187252153764,0.8246647203402143,-0.04972970643050756,1.0545420056297032,-0.13657725378489172,0.0,cpu,False,2026-06-09T23:34:59+00:00
cross_A_train_PAN_test_LG,linear,recal_bias,0.05,2,2,1463,17177,0.09765228375784399,0.07684914334117879,0.31958894226865575,16.436105761963216,0.8340676128037763,-0.047784201131480804,1.0,-0.09871398117227743,0.0,cpu,False,2026-06-09T23:34:59+00:00
cross_A_train_PAN_test_LG,linear,recal_affine,0.1,2,4,3490,17177,0.08737904184592378,0.06747724089680693,0.35137408745885534,15.207459483626446,0.8671440807543328,-0.01754007487192007,1.0169605523884537,-0.07963895599664593,0.0,cpu,False,2026-06-09T23:34:59+00:00
cross_A_train_PAN_test_LG,linear,recal_bias,0.1,2,4,3490,17177,0.08696823551355713,0.06757283204768474,0.34974262035080905,15.040396621163907,0.8683903694376808,-0.017630523049327544,1.0,-0.06856030309012422,0.0,cpu,False,2026-06-09T23:34:59+00:00
cross_A_train_PAN_test_LG,linear,recal_affine,0.2,2,8,5525,17177,0.08573290980605786,0.06673001402725535,0.35686446136978,14.950532409812675,0.8721026693014947,-0.010285026440435803,0.9975384323486213,-0.059593780391192154,0.0,cpu,False,2026-06-09T23:34:59+00:00
cross_A_train_PAN_test_LG,linear,recal_bias,0.2,2,8,5525,17177,0.08577775343758189,0.06671030724058447,0.35711720173445227,14.971116783803831,0.8719688378296891,-0.01025594166568432,1.0,-0.061185721706481004,0.0,cpu,False,2026-06-09T23:34:59+00:00
cross_A_train_PAN_test_LG,linear,recal_affine,0.5,2,21,14340,17177,0.08493316058762018,0.06710577974774419,0.3665834752477648,14.936308019898176,0.8744776898181772,0.003242410793517731,0.9556226826053399,-0.01846339514181306,0.0,cpu,False,2026-06-09T23:34:59+00:00
cross_A_train_PAN_test_LG,linear,recal_bias,0.5,2,21,14340,17177,0.08524863618238171,0.06654802247703487,0.3712060699070514,15.115062674601251,0.8735434782844116,0.0038329265069148356,1.0,-0.04709685353388181,0.0,cpu,False,2026-06-09T23:34:59+00:00
cross_A_train_PAN_test_LG,linear,recal_affine,1.0,2,42,27105,17177,0.08502070896745924,0.06706854538664708,0.35826158411780074,14.752505667928187,0.8742187817865068,-0.005234748270179249,0.9573315713619709,-0.02806591562221689,0.0,cpu,False,2026-06-09T23:34:59+00:00
cross_A_train_PAN_test_LG,linear,recal_bias,1.0,2,42,27105,17177,0.08530265551451544,0.06641485943935439,0.3624839315536914,14.98366966452101,0.8733831646072256,-0.004889211846445151,1.0,-0.05581899188724177,0.0,cpu,False,2026-06-09T23:34:59+00:00
cross_A_train_PAN_test_LG,linear,recal_affine,0.0,3,0,0,17177,0.09922943686403042,0.07979938376506451,0.4183029234409332,18.0799105541112,0.8286644804731056,0.05092978004079665,1.0,0.0,0.158,cpu,False,2026-06-09T23:34:59+00:00
cross_A_train_PAN_test_LG,linear,recal_bias,0.0,3,0,0,17177,0.09922943686403042,0.07979938376506451,0.4183029234409332,18.0799105541112,0.8286644804731056,0.05092978004079665,1.0,0.0,0.158,cpu,False,2026-06-09T23:34:59+00:00
cross_A_train_PAN_test_LG,linear,recal_affine,0.05,3,2,1447,17177,0.1032221290153924,0.08284768585265688,0.42072124074450545,18.977807854295857,0.8145990405964453,0.058538682612711286,0.9428720883175898,0.045229577045288384,0.0,cpu,False,2026-06-09T23:34:59+00:00
cross_A_train_PAN_test_LG,linear,recal_bias,0.05,3,2,1447,17177,0.10633171016309133,0.08655679343067156,0.4310425547438814,19.421358660261674,0.8032603248266287,0.06366941134374486,1.0,0.012739631302948235,0.0,cpu,False,2026-06-09T23:34:59+00:00
cross_A_train_PAN_test_LG,linear,recal_affine,0.1,3,4,3125,17177,0.08498883747335877,0.0668846836209183,0.36989166004220475,15.017584968084458,0.874313066673378,0.005187265287365958,0.9706275826271489,-0.026399778078175416,0.0,cpu,False,2026-06-09T23:34:59+00:00
cross_A_train_PAN_test_LG,linear,recal_bias,0.1,3,4,3125,17177,0.0853818755490792,0.06670039804949503,0.37349082489967345,15.17091601427245,0.8731478789015628,0.006117681499536866,1.0,-0.04481209854125977,0.0,cpu,False,2026-06-09T23:34:59+00:00
cross_A_train_PAN_test_LG,linear,recal_affine,0.2,3,8,5079,17177,0.08725366980324462,0.0682445884704722,0.3452208739175875,14.905242735917387,0.8675250523982283,-0.020254086175093375,0.9791084737579153,-0.05742608503924302,0.0,cpu,False,2026-06-09T23:34:59+00:00
cross_A_train_PAN_test_LG,linear,recal_bias,0.2,3,8,5079,17177,0.08761531757909952,0.06806404641991308,0.34678661311604564,15.095882802514234,0.866424616001744,-0.020586530284090958,1.0,-0.07151631032488763,0.0,cpu,False,2026-06-09T23:34:59+00:00
cross_A_train_PAN_test_LG,linear,recal_affine,0.5,3,21,13757,17177,0.08554499756658908,0.06767465825490156,0.3526377612380023,14.671821964164899,0.8726627141012062,-0.009677469765598537,0.9443322943851885,-0.023948170733857514,0.0,cpu,False,2026-06-09T23:34:59+00:00
cross_A_train_PAN_test_LG,linear,recal_bias,0.5,3,21,13757,17177,0.08561015045384056,0.06659591515288908,0.35862904737021173,14.968616255415018,0.8724686746735064,-0.00874409602992484,1.0,-0.0596738760707215,0.0,cpu,False,2026-06-09T23:34:59+00:00
cross_A_train_PAN_test_LG,linear,recal_affine,1.0,3,42,27105,17177,0.08502070896745924,0.06706854538664708,0.35826158411780074,14.752505667928187,0.8742187817865068,-0.005234748270179249,0.9573315713619709,-0.02806591562221689,0.0,cpu,False,2026-06-09T23:34:59+00:00
cross_A_train_PAN_test_LG,linear,recal_bias,1.0,3,42,27105,17177,0.08530265551451544,0.06641485943935439,0.3624839315536914,14.98366966452101,0.8733831646072256,-0.004889211846445151,1.0,-0.05581899188724177,0.0,cpu,False,2026-06-09T23:34:59+00:00
cross_A_train_PAN_test_LG,linear,recal_affine,0.0,4,0,0,17177,0.09922943686403042,0.07979938376506451,0.4183029234409332,18.0799105541112,0.8286644804731056,0.05092978004079665,1.0,0.0,0.158,cpu,False,2026-06-09T23:34:59+00:00
cross_A_train_PAN_test_LG,linear,recal_bias,0.0,4,0,0,17177,0.09922943686403042,0.07979938376506451,0.4183029234409332,18.0799105541112,0.8286644804731056,0.05092978004079665,1.0,0.0,0.158,cpu,False,2026-06-09T23:34:59+00:00
cross_A_train_PAN_test_LG,linear,recal_affine,0.05,4,2,1401,17177,0.08876227383506818,0.06745563664306327,0.36087727708219197,15.76225248644234,0.8629045029247809,-0.012528458032281782,1.066395088194505,-0.10718166373377004,0.0,cpu,False,2026-06-09T23:34:59+00:00
cross_A_train_PAN_test_LG,linear,recal_bias,0.05,4,2,1401,17177,0.08556269944170924,0.06656494056595484,0.35910653040546936,14.968796051729392,0.8726100086942449,-0.008266612994667235,1.0,-0.05919639303546391,0.0,cpu,False,2026-06-09T23:34:59+00:00
cross_A_train_PAN_test_LG,linear,recal_affine,0.1,4,4,2067,17177,0.08768194692218287,0.06958256231257506,0.3820232792190058,15.719467886032557,0.8662213770141514,0.020722637353971767,0.9331656617791343,0.013805544068268366,0.0,cpu,False,2026-06-09T23:34:59+00:00
cross_A_train_PAN_test_LG,linear,recal_bias,0.1,4,4,2067,17177,0.08778273153524992,0.06910026901470734,0.388660917131579,15.806665387726296,0.8659136608641861,0.02128777373144242,1.0,-0.029642006309354253,0.0,cpu,False,2026-06-09T23:34:59+00:00
cross_A_train_PAN_test_LG,linear,recal_affine,0.2,4,8,5549,17177,0.08525890486900613,0.06706889555751046,0.37347109591476646,15.13391311973098,0.87351301162454,0.00840760990512053,0.9745797638225266,-0.02578207930957545,0.0,cpu,False,2026-06-09T23:35:00+00:00
cross_A_train_PAN_test_LG,linear,recal_bias,0.2,4,8,5549,17177,0.08562981457201875,0.06696901129449268,0.3763077110052109,15.255733638429339,0.8724100816433265,0.008934567605074302,1.0,-0.04199521243572235,0.0,cpu,False,2026-06-09T23:35:00+00:00
cross_A_train_PAN_test_LG,linear,recal_affine,0.5,4,21,14148,17177,0.08555773668254495,0.06763679766116908,0.35246270497463517,14.673087851319758,0.8726247858697312,-0.01005671354128095,0.946579595135904,-0.025807338551861684,0.0,cpu,False,2026-06-09T23:35:00+00:00
cross_A_train_PAN_test_LG,linear,recal_bias,0.5,4,21,14148,17177,0.08564382970864765,0.06661824383990972,0.358305237257307,14.968736279304936,0.8723683126289986,-0.009067906142829549,1.0,-0.05999768618362618,0.0,cpu,False,2026-06-09T23:35:00+00:00
cross_A_train_PAN_test_LG,linear,recal_affine,1.0,4,42,27105,17177,0.08502070896745924,0.06706854538664708,0.35826158411780074,14.752505667928187,0.8742187817865068,-0.005234748270179249,0.9573315713619709,-0.02806591562221689,0.0,cpu,False,2026-06-09T23:35:00+00:00
cross_A_train_PAN_test_LG,linear,recal_bias,1.0,4,42,27105,17177,0.08530265551451544,0.06641485943935439,0.3624839315536914,14.98366966452101,0.8733831646072256,-0.004889211846445151,1.0,-0.05581899188724177,0.0,cpu,False,2026-06-09T23:35:00+00:00
cross_A_train_PAN_test_LG,lstm,recal_affine,0.0,0,0,0,17177,0.1063357031849468,0.08475926654335159,0.3387600779533386,16.775099872902295,0.8032455484147388,0.07157152218104047,1.0,0.0,42.019,cuda,False,2026-06-09T23:35:42+00:00
cross_A_train_PAN_test_LG,lstm,recal_bias,0.0,0,0,0,17177,0.1063357031849468,0.08475926654335159,0.3387600779533386,16.775099872902295,0.8032455484147388,0.07157152218104047,1.0,0.0,42.019,cuda,False,2026-06-09T23:35:42+00:00
cross_A_train_PAN_test_LG,lstm,finetune,0.0,0,0,0,17177,0.1063357031849468,0.08475926654335159,0.3387600779533386,16.775099872902295,0.8032455484147388,0.07157152146100998,1.0,0.0,42.019,cuda,False,2026-06-09T23:35:42+00:00
cross_A_train_PAN_test_LG,lstm,recal_affine,0.05,0,2,1212,17177,0.0697483931473229,0.05621980713069719,0.30437181196727775,11.307073017053785,0.9153484789485958,-0.01599036398683356,0.8460156900018035,0.017020528002754443,0.0,cuda,False,2026-06-09T23:35:42+00:00
cross_A_train_PAN_test_LG,lstm,recal_bias,0.05,0,2,1212,17177,0.08083483053524823,0.06357249992382977,0.40400303897782913,15.545261092673579,0.886299227135742,-0.018694139272412775,1.0,-0.09026566145345323,0.0,cuda,False,2026-06-09T23:35:42+00:00
cross_A_train_PAN_test_LG,lstm,finetune,0.05,0,2,1212,17177,0.03314717297721467,0.025526474491382026,0.16223783791065216,5.739949169951992,0.9808812567199529,0.001569935935549438,1.0,0.0,0.489,cuda,False,2026-06-09T23:35:42+00:00
cross_A_train_PAN_test_LG,lstm,recal_affine,0.1,0,4,2139,17177,0.07309411601703462,0.056001631333098635,0.29120790217082126,11.514021275314553,0.9070324922167579,0.027141559912916634,0.8512821215832599,0.05657561911441347,0.0,cuda,False,2026-06-09T23:35:42+00:00
cross_A_train_PAN_test_LG,lstm,recal_bias,0.1,0,4,2139,17177,0.08557710264618812,0.06400278772929821,0.3515651371293449,14.117324297318042,0.8725671166738213,0.03374376257607149,1.0,-0.037827759604969,0.0,cuda,False,2026-06-09T23:35:42+00:00
cross_A_train_PAN_test_LG,lstm,finetune,0.1,0,4,2139,17177,0.039242448991438646,0.029551465484377266,0.16009458899497986,5.787454994755863,0.9732034701061903,0.023273890838027,1.0,0.0,1.211,cuda,False,2026-06-09T23:35:44+00:00
cross_A_train_PAN_test_LG,lstm,recal_affine,0.2,0,8,5402,17177,0.07038463240118219,0.053931427670436884,0.29029490305358074,11.24792889240433,0.9137970663593943,0.01747960529472125,0.8768245781583937,0.02956584657563108,0.0,cuda,False,2026-06-09T23:35:44+00:00
cross_A_train_PAN_test_LG,lstm,recal_bias,0.2,0,8,5402,17177,0.08187055637125479,0.06122564541639919,0.3625495276575572,13.917158789512312,0.8833668954440484,0.022759372047859175,1.0,-0.048812150133181305,0.0,cuda,False,2026-06-09T23:35:44+00:00
cross_A_train_PAN_test_LG,lstm,finetune,0.2,0,8,5402,17177,0.02824256782846307,0.020800952698282627,0.18234668672084808,4.077955813318435,0.9861204714910226,0.005611741449683905,1.0,0.0,1.261,cuda,False,2026-06-09T23:35:45+00:00
cross_A_train_PAN_test_LG,lstm,recal_affine,0.5,0,21,12741,17177,0.06812814802275093,0.053191070512029044,0.28019654616877565,10.732615944076509,0.9192356840469467,0.005075512308411041,0.8410759418844869,0.04144136158884153,0.0,cuda,False,2026-06-09T23:35:45+00:00
cross_A_train_PAN_test_LG,lstm,recal_bias,0.5,0,21,12741,17177,0.07916007048398206,0.0598753841921533,0.37628018027777466,14.045832493700178,0.8909617941552394,0.009028719427641736,1.0,-0.06254280275339871,0.0,cuda,False,2026-06-09T23:35:45+00:00
cross_A_train_PAN_test_LG,lstm,finetune,0.5,0,21,12741,17177,0.015724976233718057,0.01116810364364266,0.12746667861938477,2.1525580625948355,0.9956972476758705,1.0314917744835839e-05,1.0,0.0,6.286,cuda,False,2026-06-09T23:35:52+00:00
cross_A_train_PAN_test_LG,lstm,recal_affine,1.0,0,42,27105,17177,0.06787960645408753,0.053482947320536815,0.290868971779198,10.852618568205443,0.9198238895154434,-0.000766284115097083,0.8487501465495878,0.03038743121009366,0.0,cuda,False,2026-06-09T23:35:52+00:00
cross_A_train_PAN_test_LG,lstm,recal_bias,1.0,0,42,27105,17177,0.07865615975924374,0.06006571269284855,0.3838973461124779,14.299045900092597,0.8923455887157005,0.0014115535929385328,1.0,-0.07015996858810196,0.0,cuda,False,2026-06-09T23:35:52+00:00
cross_A_train_PAN_test_LG,lstm,finetune,1.0,0,42,27105,17177,0.013045276139756878,0.009305922970468092,0.08781188726425171,1.814415709500034,0.9970387647836662,-0.0011343910591676831,1.0,0.0,13.959,cuda,False,2026-06-09T23:36:06+00:00
cross_A_train_PAN_test_LG,lstm,recal_affine,0.0,1,0,0,17177,0.10796785215722769,0.0881815563884972,0.3409387469291687,17.66814866709759,0.7971592180171936,0.06326098481497137,1.0,0.0,20.017,cuda,False,2026-06-09T23:36:26+00:00
cross_A_train_PAN_test_LG,lstm,recal_bias,0.0,1,0,0,17177,0.10796785215722769,0.0881815563884972,0.3409387469291687,17.66814866709759,0.7971592180171936,0.06326098481497137,1.0,0.0,20.017,cuda,False,2026-06-09T23:36:26+00:00
cross_A_train_PAN_test_LG,lstm,finetune,0.0,1,0,0,17177,0.10796785215722769,0.0881815563884972,0.3409387469291687,17.66814866709759,0.7971592180171936,0.0632609874010086,1.0,0.0,20.017,cuda,False,2026-06-09T23:36:26+00:00
cross_A_train_PAN_test_LG,lstm,recal_affine,0.05,1,2,1038,17177,0.08151757993660824,0.06468276032576553,0.21223621905753054,13.205495039154957,0.8843704305817682,-0.03679018144484951,0.8508252929264039,2.4960105804281072e-05,0.0,cuda,False,2026-06-09T23:36:26+00:00
cross_A_train_PAN_test_LG,lstm,recal_bias,0.05,1,2,1038,17177,0.09864849989125346,0.07690247812609688,0.30496060971694644,19.058863487958636,0.8306647694565383,-0.04556776965257019,1.0,-0.10882875446754155,0.0,cuda,False,2026-06-09T23:36:26+00:00
cross_A_train_PAN_test_LG,lstm,finetune,0.05,1,2,1038,17177,0.053008262848836266,0.03652628363605851,0.21024876832962036,9.557541204297781,0.9511062332366906,-0.011902611702680588,1.0,0.0,0.445,cuda,False,2026-06-09T23:36:27+00:00
cross_A_train_PAN_test_LG,lstm,recal_affine,0.1,1,4,2194,17177,0.07397399545718626,0.06073227018716741,0.2671179295681865,12.223039007724845,0.9047808051268216,0.01467452618987228,0.8043968972793624,0.08263686474781937,0.0,cuda,False,2026-06-09T23:36:27+00:00
cross_A_train_PAN_test_LG,lstm,recal_bias,0.1,1,4,2194,17177,0.09069667220456903,0.07040837839500919,0.3015687949361183,15.527266260834654,0.856863940418645,0.023891032821920986,1.0,-0.03936995199305042,0.0,cuda,False,2026-06-09T23:36:27+00:00
cross_A_train_PAN_test_LG,lstm,finetune,0.1,1,4,2194,17177,0.03670803255807182,0.029933707225900136,0.14093106985092163,6.483456956797784,0.9765529306025279,0.0018531661480665207,1.0,0.0,0.505,cuda,False,2026-06-09T23:36:28+00:00
cross_A_train_PAN_test_LG,lstm,recal_affine,0.2,1,8,4212,17177,0.07255873276624705,0.05881817376600019,0.2564130043254421,11.725346442837791,0.9083893993202804,0.004579393417725439,0.8097771154530379,0.06893233059399097,0.0,cuda,False,2026-06-09T23:36:28+00:00
cross_A_train_PAN_test_LG,lstm,recal_bias,0.2,1,8,4212,17177,0.08776745071357529,0.06689129362066713,0.28460744501278157,15.438308246520439,0.8659603390904288,0.006929682898584242,1.0,-0.05633130191638712,0.0,cuda,False,2026-06-09T23:36:28+00:00
cross_A_train_PAN_test_LG,lstm,finetune,0.2,1,8,4212,17177,0.033875513871172276,0.024896821066665173,0.13243836164474487,5.888749900806878,0.9800318359397334,0.0029753006529062986,1.0,0.0,1.887,cuda,False,2026-06-09T23:36:30+00:00
cross_A_train_PAN_test_LG,lstm,recal_affine,0.5,1,21,15809,17177,0.07249933717890254,0.05776489007726181,0.24550910075650378,11.662234343186977,0.9085393203057833,-0.003302660529828646,0.8364389898365526,0.04316375176368533,0.0,cuda,False,2026-06-09T23:36:30+00:00
cross_A_train_PAN_test_LG,lstm,recal_bias,0.5,1,21,15809,17177,0.08750478156202128,0.06640115392838306,0.2762699636442023,15.626357819547062,0.8667614424288236,-0.0014077984699951166,1.0,-0.06466878328496647,0.0,cuda,False,2026-06-09T23:36:30+00:00
cross_A_train_PAN_test_LG,lstm,finetune,0.5,1,21,15809,17177,0.015787650190517248,0.011026741258738003,0.12227824330329895,2.197952737317037,0.9956628809572342,-0.0011278976453468204,1.0,0.0,7.148,cuda,False,2026-06-09T23:36:37+00:00
cross_A_train_PAN_test_LG,lstm,recal_affine,1.0,1,42,27105,17177,0.07233781491054614,0.05806149355260901,0.24949819048000244,11.581794962952127,0.9089463993387759,-0.001175035664190608,0.8200152267682663,0.05630950845920537,0.0,cuda,False,2026-06-09T23:36:37+00:00
cross_A_train_PAN_test_LG,lstm,recal_bias,1.0,1,42,27105,17177,0.08750494064420196,0.06647440512318827,0.27909541420846096,15.545132378126114,0.8667609579775929,0.001417652094263631,1.0,-0.06184333272070776,0.0,cuda,False,2026-06-09T23:36:37+00:00
cross_A_train_PAN_test_LG,lstm,finetune,1.0,1,42,27105,17177,0.012921613702596849,0.009241266700186981,0.09705448150634766,1.8032362912620756,0.997094640626788,4.9570131523068994e-05,1.0,0.0,13.606,cuda,False,2026-06-09T23:36:51+00:00
cross_A_train_PAN_test_LG,lstm,recal_affine,0.0,2,0,0,17177,0.10585153186183889,0.08375538370370389,0.3320620357990265,16.15848368272156,0.8050332073713842,0.07204616867563632,1.0,0.0,30.197,cuda,False,2026-06-09T23:37:22+00:00
cross_A_train_PAN_test_LG,lstm,recal_bias,0.0,2,0,0,17177,0.10585153186183889,0.08375538370370389,0.3320620357990265,16.15848368272156,0.8050332073713842,0.07204616867563632,1.0,0.0,30.197,cuda,False,2026-06-09T23:37:22+00:00
cross_A_train_PAN_test_LG,lstm,finetune,0.0,2,0,0,17177,0.10585153186183889,0.08375538370370389,0.3320620357990265,16.15848368272156,0.8050332073713842,0.0720461755990982,1.0,0.0,30.197,cuda,False,2026-06-09T23:37:22+00:00
cross_A_train_PAN_test_LG,lstm,recal_affine,0.05,2,2,1463,17177,0.06831930377279756,0.05445715211093646,0.3303847370285862,11.318543284527108,0.9187818269319253,-0.014286687831823689,0.884930947193198,-0.008126125451977304,0.0,cuda,False,2026-06-09T23:37:22+00:00
cross_A_train_PAN_test_LG,lstm,recal_bias,0.05,2,2,1463,17177,0.07890599990757688,0.06213191561335699,0.3965554514865474,14.926346998749086,0.891660604590893,-0.014569160742982822,1.0,-0.08661532941861912,0.0,cuda,False,2026-06-09T23:37:22+00:00
cross_A_train_PAN_test_LG,lstm,finetune,0.05,2,2,1463,17177,0.034964841261157356,0.027129663151121253,0.15976861119270325,6.201996230632727,0.9787269640418852,3.3451720810262486e-05,1.0,0.0,0.58,cuda,False,2026-06-09T23:37:22+00:00
cross_A_train_PAN_test_LG,lstm,recal_affine,0.1,2,4,3490,17177,0.06626716294228241,0.05154050578482376,0.3048492397731028,10.352424361832455,0.92358772887645,-0.0004935612386671294,0.8644237453298648,0.019604729676400024,0.0,cuda,False,2026-06-09T23:37:22+00:00
cross_A_train_PAN_test_LG,lstm,recal_bias,0.1,2,4,3490,17177,0.07760851079828995,0.05930429778108835,0.37895568491821646,13.805519460494612,0.8951942639482462,0.003030605825348202,1.0,-0.06901556285028813,0.0,cuda,False,2026-06-09T23:37:22+00:00
cross_A_train_PAN_test_LG,lstm,finetune,0.1,2,4,3490,17177,0.026555395513831556,0.019984876204024178,0.14788037538528442,4.168390682166767,0.9877292276041559,-0.003929193131625652,1.0,0.0,1.543,cuda,False,2026-06-09T23:37:24+00:00
cross_A_train_PAN_test_LG,lstm,recal_affine,0.2,2,8,5525,17177,0.06624559953300282,0.051612705771898776,0.30423205838047257,10.324650659449794,0.9236374500632304,-0.0019052273351916633,0.8608805097936627,0.020601225130585724,0.0,cuda,False,2026-06-09T23:37:24+00:00
cross_A_train_PAN_test_LG,lstm,recal_bias,0.2,2,8,5525,17177,0.07756112941734329,0.059426435007500264,0.3806326217167248,13.884307224283921,0.8953221964285134,0.0013536690268397984,1.0,-0.07069249964879648,0.0,cuda,False,2026-06-09T23:37:24+00:00
cross_A_train_PAN_test_LG,lstm,finetune,0.2,2,8,5525,17177,0.02613233814516498,0.017031394858267847,0.1589035987854004,3.355554288847423,0.9881170877301538,-0.007772420533001423,1.0,0.0,2.915,cuda,False,2026-06-09T23:37:27+00:00
cross_A_train_PAN_test_LG,lstm,recal_affine,0.5,2,21,14340,17177,0.06622216710565589,0.05126367171622122,0.29737898906686994,10.192326340282442,0.9236914625093213,0.0023995629283597064,0.8564301245702457,0.027930721618541633,0.0,cuda,False,2026-06-09T23:37:27+00:00
cross_A_train_PAN_test_LG,lstm,recal_bias,0.5,2,21,14340,17177,0.07767347234519682,0.0592315653090599,0.37759631016269596,13.746751236520794,0.8950187370092185,0.004389980580868634,1.0,-0.06765618809476764,0.0,cuda,False,2026-06-09T23:37:27+00:00
cross_A_train_PAN_test_LG,lstm,finetune,0.5,2,21,14340,17177,0.015046167398807,0.010746370664629482,0.10679858922958374,2.101228139465818,0.9960607083903477,0.0011938605457544327,1.0,0.0,7.112,cuda,False,2026-06-09T23:37:34+00:00
cross_A_train_PAN_test_LG,lstm,recal_affine,1.0,2,42,27105,17177,0.06617723543821394,0.05139690403040986,0.29506435838673417,10.099249705460473,0.9237949778971428,-0.000992001967252344,0.8464646663243269,0.031312184690681664,0.0,cuda,False,2026-06-09T23:37:35+00:00
cross_A_train_PAN_test_LG,lstm,recal_bias,1.0,2,42,27105,17177,0.07755835024034535,0.05944070923918469,0.38080251908297086,13.892641485886006,0.895329697942067,0.001183771660593807,1.0,-0.07086239701504253,0.0,cuda,False,2026-06-09T23:37:35+00:00
cross_A_train_PAN_test_LG,lstm,finetune,1.0,2,42,27105,17177,0.013275751121830767,0.009436834509640458,0.09701663255691528,1.8683607596933476,0.9969332063402903,-0.000459219649201259,1.0,0.0,12.946,cuda,False,2026-06-09T23:37:48+00:00
cross_A_train_PAN_test_LG,lstm,recal_affine,0.0,3,0,0,17177,0.10492816257713783,0.08428930422114839,0.3278791308403015,16.90779382527613,0.8084198591723522,0.06974090499748771,1.0,0.0,21.791,cuda,False,2026-06-09T23:38:10+00:00
cross_A_train_PAN_test_LG,lstm,recal_bias,0.0,3,0,0,17177,0.10492816257713783,0.08428930422114839,0.3278791308403015,16.90779382527613,0.8084198591723522,0.06974090499748771,1.0,0.0,21.791,cuda,False,2026-06-09T23:38:10+00:00
cross_A_train_PAN_test_LG,lstm,finetune,0.0,3,0,0,17177,0.10492816257713783,0.08428930422114839,0.3278791308403015,16.90779382527613,0.8084198591723522,0.0697408989071846,1.0,0.0,21.791,cuda,False,2026-06-09T23:38:10+00:00
cross_A_train_PAN_test_LG,lstm,recal_affine,0.05,3,2,1447,17177,0.08088785747272018,0.0641853339436363,0.2934301750473738,13.254694861972252,0.8861500047946903,0.0473807490429423,0.8369634968282723,0.08807183116997667,0.0,cuda,False,2026-06-09T23:38:10+00:00
cross_A_train_PAN_test_LG,lstm,recal_bias,0.05,3,2,1447,17177,0.09976640723647627,0.07877587521121084,0.3198408233645451,16.163705141413015,0.8268051324647621,0.061702597521731295,1.0,-0.008038307475756387,0.0,cuda,False,2026-06-09T23:38:10+00:00
cross_A_train_PAN_test_LG,lstm,finetune,0.05,3,2,1447,17177,0.10131793909755517,0.08026494374147927,0.3097769618034363,15.394333420423331,0.8213763140625386,0.07827761024236679,1.0,0.0,0.587,cuda,False,2026-06-09T23:38:11+00:00
cross_A_train_PAN_test_LG,lstm,recal_affine,0.1,3,4,3125,17177,0.06601075773903721,0.051554151976441004,0.25191499242071536,10.72977717666805,0.9241779035194085,0.0075936442766059665,0.8504116990573358,0.03917565164727347,0.0,cuda,False,2026-06-09T23:38:11+00:00
cross_A_train_PAN_test_LG,lstm,recal_bias,0.1,3,4,3125,17177,0.07953842793185484,0.059370501015201,0.2715634277379513,14.288649220785851,0.8899169742033811,0.013425201895137477,1.0,-0.056315703102350234,0.0,cuda,False,2026-06-09T23:38:11+00:00
cross_A_train_PAN_test_LG,lstm,finetune,0.1,3,4,3125,17177,0.034410545706190135,0.027126779847782664,0.19298550486564636,5.944813999825326,0.979396098148298,0.0013597893994301558,1.0,0.0,0.464,cuda,False,2026-06-09T23:38:11+00:00
cross_A_train_PAN_test_LG,lstm,recal_affine,0.2,3,8,5079,17177,0.06731989759520134,0.0537429605788106,0.234113682477388,10.671817270756685,0.9211406404391971,-0.014088389846675908,0.8202112290637468,0.037949759851661935,0.0,cuda,False,2026-06-09T23:38:11+00:00
cross_A_train_PAN_test_LG,lstm,recal_bias,0.2,3,8,5079,17177,0.08004383287701693,0.061912210837172,0.29534822990221166,15.730726934369631,0.8885135451826669,-0.016152080661578957,1.0,-0.0858929856590667,0.0,cuda,False,2026-06-09T23:38:11+00:00
cross_A_train_PAN_test_LG,lstm,finetune,0.2,3,8,5079,17177,0.022416678185398994,0.015011686598570318,0.15561151504516602,3.11975473837421,0.9912560258180891,-0.0021239507477730513,1.0,0.0,2.496,cuda,False,2026-06-09T23:38:14+00:00
cross_A_train_PAN_test_LG,lstm,recal_affine,0.5,3,21,13757,17177,0.06557370446468244,0.05161048158749449,0.24749297887091404,10.568300176541117,0.9251786068390289,0.0014657087090313861,0.8371359174454179,0.042040002564714206,0.0,cuda,False,2026-06-09T23:38:14+00:00
cross_A_train_PAN_test_LG,lstm,recal_bias,0.5,3,21,13757,17177,0.07868419959298567,0.05900281055725872,0.2724821494161507,14.444492053865407,0.8922688204155462,0.006713999824482024,1.0,-0.06302690517300566,0.0,cuda,False,2026-06-09T23:38:14+00:00
cross_A_train_PAN_test_LG,lstm,finetune,0.5,3,21,13757,17177,0.01633532660301686,0.011460473159455085,0.14056462049484253,2.2324096239821136,0.9953567507585577,-0.0008927913731895387,1.0,0.0,7.255,cuda,False,2026-06-09T23:38:21+00:00
cross_A_train_PAN_test_LG,lstm,recal_affine,1.0,3,42,27105,17177,0.06558553836041811,0.05177865452007095,0.24438202049619073,10.575842881672786,0.9251515988037791,-0.0017409195538628224,0.8363913977493465,0.039337671118121996,0.0,cuda,False,2026-06-09T23:38:22+00:00
cross_A_train_PAN_test_LG,lstm,recal_bias,1.0,3,42,27105,17177,0.0783985725666017,0.05918185747383942,0.27873711924700334,14.682227504141437,0.8930495384433449,0.00045902999362931995,1.0,-0.06928187500385836,0.0,cuda,False,2026-06-09T23:38:22+00:00
cross_A_train_PAN_test_LG,lstm,finetune,1.0,3,42,27105,17177,0.01320062999413949,0.009563435417098287,0.0981447696685791,1.9342952210172664,0.9969678151828409,-0.00034505853545852005,1.0,0.0,13.268,cuda,False,2026-06-09T23:38:35+00:00
cross_A_train_PAN_test_LG,lstm,recal_affine,0.0,4,0,0,17177,0.10655331153927472,0.08364200765986937,0.41061198711395264,16.29361387627717,0.8024394368179631,0.07192279927262506,1.0,0.0,15.864,cuda,False,2026-06-09T23:38:51+00:00
cross_A_train_PAN_test_LG,lstm,recal_bias,0.0,4,0,0,17177,0.10655331153927472,0.08364200765986937,0.41061198711395264,16.29361387627717,0.8024394368179631,0.07192279927262506,1.0,0.0,15.864,cuda,False,2026-06-09T23:38:51+00:00
cross_A_train_PAN_test_LG,lstm,finetune,0.0,4,0,0,17177,0.10655331153927472,0.08364200765986937,0.41061198711395264,16.29361387627717,0.8024394368179631,0.07192280143499374,1.0,0.0,15.864,cuda,False,2026-06-09T23:38:51+00:00
cross_A_train_PAN_test_LG,lstm,recal_affine,0.05,4,2,1401,17177,0.07580804574504448,0.06190382285150343,0.2234381321933686,12.047271980836664,0.9000007012259804,-0.037237413354549574,0.8320188170399276,0.004987546625360958,0.0,cuda,False,2026-06-09T23:38:51+00:00
cross_A_train_PAN_test_LG,lstm,recal_bias,0.05,4,2,1401,17177,0.09654986433594297,0.08064753645329259,0.28567233783253426,19.882781075343985,0.8377929641439124,-0.05604602714299716,1.0,-0.12796882641562218,0.0,cuda,False,2026-06-09T23:38:51+00:00
cross_A_train_PAN_test_LG,lstm,finetune,0.05,4,2,1401,17177,0.03394560964202436,0.02627696113900255,0.1370874047279358,6.353771402852868,0.9799491135354583,0.0013388791121542454,1.0,0.0,0.572,cuda,False,2026-06-09T23:38:52+00:00
cross_A_train_PAN_test_LG,lstm,recal_affine,0.1,4,4,2067,17177,0.06984162609450849,0.05399986392439657,0.25658725361448687,9.758486959282102,0.9151220196632649,-0.010415884420360089,0.7685415567705723,0.07494359155447093,0.0,cuda,False,2026-06-09T23:38:52+00:00
cross_A_train_PAN_test_LG,lstm,recal_bias,0.1,4,4,2067,17177,0.08052380553770117,0.06261877859675193,0.3212718369090506,15.339847932419778,0.8871725078354086,-0.017417350932277077,1.0,-0.08934015020490212,0.0,cuda,False,2026-06-09T23:38:52+00:00
cross_A_train_PAN_test_LG,lstm,finetune,0.1,4,4,2067,17177,0.029193112077457603,0.022324805567547987,0.17253297567367554,5.0757828303065375,0.9851704783767088,0.0011696895817294717,1.0,0.0,0.87,cuda,False,2026-06-09T23:38:53+00:00
cross_A_train_PAN_test_LG,lstm,recal_affine,0.2,4,8,5549,17177,0.06623285033975516,0.05069351863847165,0.26575702986961136,10.046267000560457,0.9236668397051181,0.005991999843444534,0.841152943624864,0.042010073647018656,0.0,cuda,False,2026-06-09T23:38:53+00:00
cross_A_train_PAN_test_LG,lstm,recal_bias,0.2,4,8,5549,17177,0.07917171776648557,0.058348756336949824,0.34804021716010447,13.67356010640293,0.8909297049413075,0.009351029318776889,1.0,-0.0625717699538482,0.0,cuda,False,2026-06-09T23:38:53+00:00
cross_A_train_PAN_test_LG,lstm,finetune,0.2,4,8,5549,17177,0.02352207659208407,0.017845316353308945,0.13948839902877808,3.4210819119373674,0.9903724081204383,0.00320324650965631,1.0,0.0,2.275,cuda,False,2026-06-09T23:38:55+00:00
cross_A_train_PAN_test_LG,lstm,recal_affine,0.5,4,21,14148,17177,0.06610583893991277,0.05129545977729899,0.2571614020712649,10.028742272393567,0.9239593195097223,-0.003401895486201194,0.8331448685230712,0.03805788204089622,0.0,cuda,False,2026-06-09T23:38:55+00:00
cross_A_train_PAN_test_LG,lstm,recal_bias,0.5,4,21,14148,17177,0.07863073395200039,0.05878429546968569,0.3401290409778821,14.014449338003699,0.8924151766008717,0.0014398531365545063,1.0,-0.07048294613607058,0.0,cuda,False,2026-06-09T23:38:55+00:00
cross_A_train_PAN_test_LG,lstm,finetune,0.5,4,21,14148,17177,0.01891298652978284,0.013736623730871573,0.11469894647598267,2.6893422687754462,0.9937757564365371,-0.0014117361279204488,1.0,0.0,7.59,cuda,False,2026-06-09T23:39:03+00:00
cross_A_train_PAN_test_LG,lstm,recal_affine,1.0,4,42,27105,17177,0.065973660168228,0.05099517226397062,0.25920530065371816,10.052856359726746,0.9242631025172188,-0.0007690241629792518,0.8390533362435456,0.03667578966983105,0.0,cuda,False,2026-06-09T23:39:03+00:00
cross_A_train_PAN_test_LG,lstm,recal_bias,1.0,4,42,27105,17177,0.07863331868171991,0.058770972630361594,0.34026388213721526,14.00757715584657,0.8924081034820825,0.0015746942958875711,1.0,-0.07034810497673746,0.0,cuda,False,2026-06-09T23:39:04+00:00
cross_A_train_PAN_test_LG,lstm,finetune,1.0,4,42,27105,17177,0.01642499545191957,0.011720414275013193,0.10815751552581787,2.3722730147213427,0.995305634847057,0.0009660249343141913,1.0,0.0,12.763,cuda,False,2026-06-09T23:39:16+00:00
cross_A_train_PAN_test_LG,mlp,recal_affine,0.0,0,0,0,17177,0.102351642362018,0.08125215503877566,0.36246776580810547,16.247685162507516,0.817712879730633,0.06835514110445094,1.0,0.0,13.663,cuda,False,2026-06-09T23:39:30+00:00
cross_A_train_PAN_test_LG,mlp,recal_bias,0.0,0,0,0,17177,0.102351642362018,0.08125215503877566,0.36246776580810547,16.247685162507516,0.817712879730633,0.06835514110445094,1.0,0.0,13.663,cuda,False,2026-06-09T23:39:30+00:00
cross_A_train_PAN_test_LG,mlp,recal_affine,0.05,0,2,1212,17177,0.07094366500231901,0.05624686117389885,0.23866673804676597,11.426143667794337,0.9124222882292998,-0.020574588533104766,0.8694402394532861,-0.0006766321036282547,0.0,cuda,False,2026-06-09T23:39:30+00:00
cross_A_train_PAN_test_LG,mlp,recal_bias,0.05,0,2,1212,17177,0.0797206787258803,0.0626957232385938,0.30598816847299587,15.130553955560957,0.8894119175963933,-0.023493685060500456,1.0,-0.09184882616495142,0.0,cuda,False,2026-06-09T23:39:30+00:00
cross_A_train_PAN_test_LG,mlp,recal_affine,0.1,0,4,2139,17177,0.074389107149442,0.05994798011208635,0.29012020584326814,12.455998286596557,0.903709144622264,0.029245889711610937,0.8380077219895845,0.07039095181778945,0.0,cuda,False,2026-06-09T23:39:30+00:00
cross_A_train_PAN_test_LG,mlp,recal_bias,0.1,0,4,2139,17177,0.08467192075339271,0.06539568177934038,0.3310707196934639,14.011638553571604,0.875248672479694,0.036958094989809384,1.0,-0.03139704611464158,0.0,cuda,False,2026-06-09T23:39:30+00:00
cross_A_train_PAN_test_LG,mlp,recal_affine,0.2,0,8,5402,17177,0.07006309870150108,0.055285810126561814,0.27580463206879036,11.363618824789832,0.9145828583136607,0.01708627856261843,0.8795066604258509,0.03017974310126099,0.0,cuda,False,2026-06-09T23:39:30+00:00
cross_A_train_PAN_test_LG,mlp,recal_bias,0.2,0,8,5402,17177,0.07934387100924403,0.06120445168080834,0.316294069380197,13.627285968545259,0.8904548581166182,0.02218144467654248,1.0,-0.046173696427908445,0.0,cuda,False,2026-06-09T23:39:30+00:00
cross_A_train_PAN_test_LG,mlp,recal_affine,0.5,0,21,12741,17177,0.06823634014858765,0.053838061746154534,0.26511473109020167,10.816242531019688,0.9189789619252605,0.004946781987264738,0.8516041923048677,0.0369011821634031,0.0,cuda,False,2026-06-09T23:39:30+00:00
cross_A_train_PAN_test_LG,mlp,recal_bias,0.5,0,21,12741,17177,0.07666080391814746,0.05941570854448193,0.3026826584599249,13.655592916175758,0.8977382805214825,0.00857003375627031,1.0,-0.05978510734818062,0.0,cuda,False,2026-06-09T23:39:30+00:00
cross_A_train_PAN_test_LG,mlp,recal_affine,1.0,0,42,27105,17177,0.06794377227267707,0.05363135286748027,0.25722764802054054,10.85777124875438,0.9196722387449354,-0.002262500546521891,0.8646508019157338,0.020872921211967863,0.0,cuda,False,2026-06-09T23:39:30+00:00
cross_A_train_PAN_test_LG,mlp,recal_bias,1.0,0,42,27105,17177,0.07618250485435275,0.05929701248647419,0.29352895776914556,13.873679287842696,0.8990103543393835,-0.0005836669345089752,1.0,-0.06893880803895995,0.0,cuda,False,2026-06-09T23:39:30+00:00
cross_A_train_PAN_test_LG,mlp,recal_affine,0.0,1,0,0,17177,0.10444863534732406,0.08173213653240838,0.39069509506225586,16.13470427795134,0.8101669206172389,0.07260041623360315,1.0,0.0,6.195,cuda,False,2026-06-09T23:39:36+00:00
cross_A_train_PAN_test_LG,mlp,recal_bias,0.0,1,0,0,17177,0.10444863534732406,0.08173213653240838,0.39069509506225586,16.13470427795134,0.8101669206172389,0.07260041623360315,1.0,0.0,6.195,cuda,False,2026-06-09T23:39:36+00:00
cross_A_train_PAN_test_LG,mlp,recal_affine,0.05,1,2,1038,17177,0.07220522474268105,0.056980611093672126,0.2631009083251826,11.14737445051567,0.9092798832268385,-0.025348880503119897,0.8514336914558117,0.0031062010503568054,0.0,cuda,False,2026-06-09T23:39:36+00:00
cross_A_train_PAN_test_LG,mlp,recal_bias,0.05,1,2,1038,17177,0.08165989846837908,0.06661653954416892,0.2860066432197199,16.05654769684623,0.883966331350063,-0.03208803560893277,1.0,-0.1046884518425359,0.0,cuda,False,2026-06-09T23:39:36+00:00
cross_A_train_PAN_test_LG,mlp,recal_affine,0.1,1,4,2194,17177,0.06751821272711937,0.051396068911025286,0.28705761969110566,10.198477362383805,0.9206753384994015,-0.0015902073896196978,0.8568626827821584,0.02317204887700862,0.0,cuda,False,2026-06-09T23:39:36+00:00
cross_A_train_PAN_test_LG,mlp,recal_bias,0.1,1,4,2194,17177,0.07511853659811339,0.05634719486557486,0.32011891992502894,13.204029733208806,0.9018115080480603,0.002024241096376254,1.0,-0.07057617513722686,0.0,cuda,False,2026-06-09T23:39:36+00:00
cross_A_train_PAN_test_LG,mlp,recal_affine,0.2,1,8,4212,17177,0.06765072935383742,0.05189304656906009,0.2849432657971167,10.446678983228109,0.9203636551234111,-0.006244808973329186,0.869210496480137,0.010118406675956081,0.0,cuda,False,2026-06-09T23:39:36+00:00
cross_A_train_PAN_test_LG,mlp,recal_bias,0.2,1,8,4212,17177,0.07536079248119859,0.05767324200184221,0.3117266293024292,13.67644809942763,0.9011771747183044,-0.006368049526223484,1.0,-0.07896846575982663,0.0,cuda,False,2026-06-09T23:39:36+00:00
cross_A_train_PAN_test_LG,mlp,recal_affine,0.5,1,21,15809,17177,0.06743154869161383,0.05136600730997118,0.294151173416081,10.569450091152026,0.9208788445759772,-0.0005417832918722141,0.8862472718201487,0.0042329381049665,0.0,cuda,False,2026-06-09T23:39:36+00:00
cross_A_train_PAN_test_LG,mlp,recal_bias,0.5,1,21,15809,17177,0.07509868751515725,0.056453451637786235,0.3191510300360607,13.249557694546018,0.9018633912214544,0.0010563512074080043,1.0,-0.07154406502619513,0.0,cuda,False,2026-06-09T23:39:36+00:00
cross_A_train_PAN_test_LG,mlp,recal_affine,1.0,1,42,27105,17177,0.06753249017808607,0.05165132331612968,0.2860552410884918,10.360376440235793,0.920641786849717,-0.004530467712054728,0.866282473829268,0.01382440263616521,0.0,cuda,False,2026-06-09T23:39:37+00:00
cross_A_train_PAN_test_LG,mlp,recal_bias,1.0,1,42,27105,17177,0.07516048230795767,0.05706896955494418,0.3148696033041144,13.478796148747163,0.9017018217821648,-0.003225075524538301,1.0,-0.07582549175814143,0.0,cuda,False,2026-06-09T23:39:37+00:00
cross_A_train_PAN_test_LG,mlp,recal_affine,0.0,2,0,0,17177,0.10457963187689133,0.08511334665693504,0.35705190896987915,16.30742760667788,0.8096904554426438,0.07795188468325476,1.0,0.0,7.599,cuda,False,2026-06-09T23:39:44+00:00
cross_A_train_PAN_test_LG,mlp,recal_bias,0.0,2,0,0,17177,0.10457963187689133,0.08511334665693504,0.35705190896987915,16.30742760667788,0.8096904554426438,0.07795188468325476,1.0,0.0,7.599,cuda,False,2026-06-09T23:39:44+00:00
cross_A_train_PAN_test_LG,mlp,recal_affine,0.05,2,2,1463,17177,0.06351028423262829,0.05083095424218978,0.24391966835537715,11.232097047046985,0.9298133579109088,-0.007276785515396476,0.9313493949281274,-0.038164826062540805,0.0,cuda,False,2026-06-09T23:39:44+00:00
cross_A_train_PAN_test_LG,mlp,recal_bias,0.05,2,2,1463,17177,0.07005920572203002,0.05493226396208973,0.2721798199134091,13.197827034744764,0.9145923502701105,-0.006920204373215276,1.0,-0.08487208905647002,0.0,cuda,False,2026-06-09T23:39:44+00:00
cross_A_train_PAN_test_LG,mlp,recal_affine,0.1,2,4,3490,17177,0.06156032272279513,0.048626185947397274,0.2398883180494381,10.125749202026046,0.9340570869717424,0.0018131368857912246,0.8961824025148623,-0.004965955926064848,0.0,cuda,False,2026-06-09T23:39:44+00:00
cross_A_train_PAN_test_LG,mlp,recal_bias,0.1,2,4,3490,17177,0.06987372099118086,0.053879197292074306,0.2837833785673438,12.670141368077307,0.915043992386795,0.004683354280719422,1.0,-0.07326853040253535,0.0,cuda,False,2026-06-09T23:39:44+00:00
cross_A_train_PAN_test_LG,mlp,recal_affine,0.2,2,8,5525,17177,0.06131976862226662,0.04854865334716835,0.23061888967845368,9.92510986862916,0.9345714392197378,-0.0018992733920229258,0.8812887548112556,0.0015320654945282144,0.0,cuda,False,2026-06-09T23:39:44+00:00
cross_A_train_PAN_test_LG,mlp,recal_bias,0.2,2,8,5525,17177,0.06972138940004685,0.054044602315414775,0.27991798641185417,12.811928656150409,0.9154140135271693,0.0008179621252297782,1.0,-0.077133922558025,0.0,cuda,False,2026-06-09T23:39:44+00:00
cross_A_train_PAN_test_LG,mlp,recal_affine,0.5,2,21,14340,17177,0.06134819336198241,0.04819693051498943,0.23418368503537795,9.590770150029892,0.9345107664251678,0.0013660635036445807,0.8634513196675933,0.017025965656468543,0.0,cuda,False,2026-06-09T23:39:44+00:00
cross_A_train_PAN_test_LG,mlp,recal_bias,0.5,2,21,14340,17177,0.06978460695453233,0.053926389661098355,0.2821803310836666,12.725153765024574,0.9152605529175446,0.003080306797042295,1.0,-0.07487157788621249,0.0,cuda,False,2026-06-09T23:39:44+00:00
cross_A_train_PAN_test_LG,mlp,recal_affine,1.0,2,42,27105,17177,0.061361873460758824,0.04842576546422828,0.22977680609073142,9.680737563498111,0.934481556141254,-0.0026148417546139192,0.8658401977593538,0.011407350343752662,0.0,cuda,False,2026-06-09T23:39:44+00:00
cross_A_train_PAN_test_LG,mlp,recal_bias,1.0,2,42,27105,17177,0.06972387266238812,0.05418956689337038,0.27809238287904914,12.890944957050262,0.9154079880323458,-0.001007641407575235,1.0,-0.07895952609082997,0.0,cuda,False,2026-06-09T23:39:44+00:00
cross_A_train_PAN_test_LG,mlp,recal_affine,0.0,3,0,0,17177,0.09674202023551422,0.07913887499288179,0.3152506947517395,15.496426787485868,0.8371466648290915,0.06948387461390271,1.0,0.0,12.955,cuda,False,2026-06-09T23:39:57+00:00
cross_A_train_PAN_test_LG,mlp,recal_bias,0.0,3,0,0,17177,0.09674202023551422,0.07913887499288179,0.3152506947517395,15.496426787485868,0.8371466648290915,0.06948387461390271,1.0,0.0,12.955,cuda,False,2026-06-09T23:39:57+00:00
cross_A_train_PAN_test_LG,mlp,recal_affine,0.05,3,2,1447,17177,0.07309053997639234,0.059018136102381574,0.2628579918192989,12.222402749225132,0.9070415886385185,0.044114291368927076,0.8660582716584925,0.06532077173081655,0.0,cuda,False,2026-06-09T23:39:57+00:00
cross_A_train_PAN_test_LG,mlp,recal_bias,0.05,3,2,1447,17177,0.08691257697466852,0.06922001260690126,0.3007466927139859,14.090365100018609,0.8685587724340456,0.05497987257614912,1.0,-0.014504002037753545,0.0,cuda,False,2026-06-09T23:39:57+00:00
cross_A_train_PAN_test_LG,mlp,recal_affine,0.1,3,4,3125,17177,0.05832936506417009,0.04555971376280153,0.21486818985556239,9.638873003002415,0.940797390410298,-0.0010119172765263257,0.8844487451309296,0.007742591709155617,0.0,cuda,False,2026-06-09T23:39:57+00:00
cross_A_train_PAN_test_LG,mlp,recal_bias,0.1,3,4,3125,17177,0.06734855635394445,0.05095395564025763,0.2567694228601456,12.379779143460174,0.9210734836996344,0.0021950842973209555,1.0,-0.06728879031658172,0.0,cuda,False,2026-06-09T23:39:57+00:00
cross_A_train_PAN_test_LG,mlp,recal_affine,0.2,3,8,5079,17177,0.06005295226188254,0.04684656692218133,0.20806993459497664,9.40732887021813,0.9372469154919306,-0.01321400628720175,0.8497444243057689,0.019038386545423662,0.0,cuda,False,2026-06-09T23:39:57+00:00
cross_A_train_PAN_test_LG,mlp,recal_bias,0.2,3,8,5079,17177,0.06890435528925047,0.05278646894569734,0.2736886550085027,13.268729013910754,0.9173848492839362,-0.014724147851036156,1.0,-0.08420802246493884,0.0,cuda,False,2026-06-09T23:39:57+00:00
cross_A_train_PAN_test_LG,mlp,recal_affine,0.5,3,21,13757,17177,0.058270836486192426,0.04553882550807841,0.21700640776681246,9.42766811400073,0.9409161404124167,-0.0012943864115508726,0.8689026895421856,0.017986172351702,0.0,cuda,False,2026-06-09T23:39:57+00:00
cross_A_train_PAN_test_LG,mlp,recal_bias,0.5,3,21,13757,17177,0.06735410987543353,0.05095604726707738,0.2566051705507308,12.374849680228902,0.9210604666967507,0.0023593366067357893,1.0,-0.06712453800716693,0.0,cuda,False,2026-06-09T23:39:57+00:00
cross_A_train_PAN_test_LG,mlp,recal_affine,1.0,3,42,27105,17177,0.05837998997790795,0.04561307354653954,0.2145256827488492,9.444983612826478,0.9406945801833896,-0.0037886364802420503,0.8688158294126286,0.015550734246095904,0.0,cuda,False,2026-06-09T23:39:57+00:00
cross_A_train_PAN_test_LG,mlp,recal_bias,1.0,3,42,27105,17177,0.0673555358170031,0.05104668711128082,0.26136420657770637,12.545815909478714,0.9210571242324599,-0.0023996994202397925,1.0,-0.07188357403414251,0.0,cuda,False,2026-06-09T23:39:57+00:00
cross_A_train_PAN_test_LG,mlp,recal_affine,0.0,4,0,0,17177,0.10473682008955913,0.08234196806069184,0.3752591013908386,15.838801707150251,0.8091179367211943,0.07148674112048618,1.0,0.0,8.646,cuda,False,2026-06-09T23:40:06+00:00
cross_A_train_PAN_test_LG,mlp,recal_bias,0.0,4,0,0,17177,0.10473682008955913,0.08234196806069184,0.3752591013908386,15.838801707150251,0.8091179367211943,0.07148674112048618,1.0,0.0,8.646,cuda,False,2026-06-09T23:40:06+00:00
cross_A_train_PAN_test_LG,mlp,recal_affine,0.05,4,2,1401,17177,0.0824891747097232,0.06794510583453278,0.21800509328922868,13.6568890786311,0.881597664345355,-0.04811578845120898,0.8739694417500987,-0.03401631161109499,0.0,cuda,False,2026-06-09T23:40:06+00:00
cross_A_train_PAN_test_LG,mlp,recal_bias,0.05,4,2,1401,17177,0.09921394337253693,0.08364007751142505,0.26685157960691597,19.835858271521275,0.8287179802864131,-0.06311861241411838,1.0,-0.13460535353460454,0.0,cuda,False,2026-06-09T23:40:06+00:00
cross_A_train_PAN_test_LG,mlp,recal_affine,0.1,4,4,2067,17177,0.07131037677103583,0.05607970442122065,0.22487146323140494,10.09604056454982,0.9115145600563325,-0.009669676363434038,0.776123018002719,0.07087642632517768,0.0,cuda,False,2026-06-09T23:40:06+00:00
cross_A_train_PAN_test_LG,mlp,recal_bias,0.1,4,4,2067,17177,0.0782343026741762,0.06245431519294745,0.287611952216428,14.507075838913131,0.8934972592167247,-0.016160408053924456,1.0,-0.08764714917441065,0.0,cuda,False,2026-06-09T23:40:06+00:00
cross_A_train_PAN_test_LG,mlp,recal_affine,0.2,4,8,5549,17177,0.06719660223195893,0.05346117578693495,0.25139914305995925,10.346850098233244,0.9214292353412172,0.006070585491666417,0.8566703619753224,0.03191771173269841,0.0,cuda,False,2026-06-09T23:40:06+00:00
cross_A_train_PAN_test_LG,mlp,recal_bias,0.2,4,8,5549,17177,0.0770812945527655,0.05985143496939112,0.31283208672786356,13.300608060689209,0.8966133764610988,0.009059726457511222,1.0,-0.062427014662974976,0.0,cuda,False,2026-06-09T23:40:06+00:00
cross_A_train_PAN_test_LG,mlp,recal_affine,0.5,4,21,14148,17177,0.06724456508752268,0.05368690792022276,0.2371289626302523,10.286773502583474,0.9213170325505038,-0.00621508172577471,0.851803471950741,0.02293710573388773,0.0,cuda,False,2026-06-09T23:40:06+00:00
cross_A_train_PAN_test_LG,mlp,recal_bias,0.5,4,21,14148,17177,0.07658778830026668,0.06017732848232469,0.30127396272768703,13.69093878881961,0.8979329861968645,-0.0024983975426654138,1.0,-0.0739851386631516,0.0,cuda,False,2026-06-09T23:40:06+00:00
cross_A_train_PAN_test_LG,mlp,recal_affine,1.0,4,42,27105,17177,0.06696473570617618,0.05343483010251864,0.24304845816927934,10.307069120882492,0.9219705275646636,-0.002445665944204144,0.8570764031960171,0.02312572135781236,0.0,cuda,False,2026-06-09T23:40:06+00:00
cross_A_train_PAN_test_LG,mlp,recal_bias,1.0,4,42,27105,17177,0.07655011651590944,0.060026748667243855,0.30308460147975436,13.611144909103274,0.8980333703696939,-0.0006877587905979767,1.0,-0.07217449991108417,0.0,cuda,False,2026-06-09T23:40:06+00:00
cross_A_train_PAN_test_LG,patchtst,recal_affine,0.0,0,0,0,17177,0.07733006472225937,0.06058086563751241,0.3348582684993744,13.576983306088595,0.8959449649808112,0.009179948320267585,1.0,0.0,56.191,cuda,False,2026-06-09T23:41:02+00:00
cross_A_train_PAN_test_LG,patchtst,recal_bias,0.0,0,0,0,17177,0.07733006472225937,0.06058086563751241,0.3348582684993744,13.576983306088595,0.8959449649808112,0.009179948320267585,1.0,0.0,56.191,cuda,False,2026-06-09T23:41:02+00:00
cross_A_train_PAN_test_LG,patchtst,finetune,0.0,0,0,0,17177,0.07733006472225937,0.06058086563751241,0.3348582684993744,13.576983306088595,0.8959449649808112,0.009179949760437012,1.0,0.0,56.191,cuda,False,2026-06-09T23:41:02+00:00
cross_A_train_PAN_test_LG,patchtst,recal_affine,0.05,0,2,1212,17177,0.06393603046667048,0.04642468251529057,0.2581758150120308,9.888225855926198,0.9288692004069264,-0.018967081469735247,0.8581376818547217,0.05935140778296605,0.0,cuda,False,2026-06-09T23:41:03+00:00
cross_A_train_PAN_test_LG,patchtst,recal_bias,0.05,0,2,1212,17177,0.07984942716567606,0.06046651546552017,0.3659531331986877,15.006604595383893,0.8890544309197559,-0.02191491637904575,1.0,-0.03109486469931335,0.0,cuda,False,2026-06-09T23:41:03+00:00
cross_A_train_PAN_test_LG,patchtst,finetune,0.05,0,2,1212,17177,0.061342267823295854,0.04173499848618787,0.24915987998247147,9.409401839808956,0.9345234168464692,-0.016765553504228592,1.0,0.0,0.958,cuda,False,2026-06-09T23:41:04+00:00
cross_A_train_PAN_test_LG,patchtst,recal_affine,0.1,0,4,2139,17177,0.07841090249090418,0.06736007370967555,0.2827666969982272,14.096269239302698,0.8930158951065154,0.04968620249202297,0.8416590811460303,0.13816843243534763,0.0,cuda,False,2026-06-09T23:41:04+00:00
cross_A_train_PAN_test_LG,patchtst,recal_bias,0.1,0,4,2139,17177,0.09808781172246744,0.0830808285638531,0.3002810419884141,15.993312767550005,0.8325841994170899,0.06103729474441168,1.0,0.051857346424144135,0.0,cuda,False,2026-06-09T23:41:04+00:00
cross_A_train_PAN_test_LG,patchtst,finetune,0.1,0,4,2139,17177,0.04825352139570452,0.0370428576894569,0.2362942397594452,7.710186072449144,0.9594842038803139,0.00797319132834673,1.0,0.0,0.647,cuda,False,2026-06-09T23:41:04+00:00
cross_A_train_PAN_test_LG,patchtst,recal_affine,0.2,0,8,5402,17177,0.061536940134682985,0.04816828504152324,0.23811690199689856,10.063945305991814,0.9341071719313871,0.008061458902912948,0.8566147874723938,0.08731924536141546,0.0,cuda,False,2026-06-09T23:41:05+00:00
cross_A_train_PAN_test_LG,patchtst,recal_bias,0.2,0,8,5402,17177,0.07783890040084475,0.06133802610385562,0.33126218626134285,13.562356131486187,0.8945710850749251,0.012776030558299095,1.0,0.0035960822380315107,0.0,cuda,False,2026-06-09T23:41:05+00:00
cross_A_train_PAN_test_LG,patchtst,finetune,0.2,0,8,5402,17177,0.048192022995813044,0.035778921162363135,0.23416250944137573,6.8584120503635075,0.959587411636759,0.019397208467125893,1.0,0.0,1.653,cuda,False,2026-06-09T23:41:06+00:00
cross_A_train_PAN_test_LG,patchtst,recal_affine,0.5,0,21,12741,17177,0.06241993829704559,0.0500546892422885,0.24982528453159775,10.398395358423652,0.9322026026158853,0.015007071074971321,0.8330678835897516,0.1087882160006754,0.0,cuda,False,2026-06-09T23:41:07+00:00
cross_A_train_PAN_test_LG,patchtst,recal_bias,0.5,0,21,12741,17177,0.07965338958448998,0.06365509554397984,0.322848714382999,13.645688258290816,0.8895985250548977,0.021189502436642974,1.0,0.012009554116375385,0.0,cuda,False,2026-06-09T23:41:07+00:00
cross_A_train_PAN_test_LG,patchtst,finetune,0.5,0,21,12741,17177,0.03294026193142761,0.02442215868683031,0.16759037971496582,4.751945454805347,0.9811191975234487,0.00438088271766901,1.0,0.0,8.078,cuda,False,2026-06-09T23:41:15+00:00
cross_A_train_PAN_test_LG,patchtst,recal_affine,1.0,0,42,27105,17177,0.0606339370290494,0.04636475642355968,0.2415381785828088,9.627962247078283,0.9360268273909764,0.0009720025530009419,0.838872826926036,0.09117275009929413,0.0,cuda,False,2026-06-09T23:41:15+00:00
cross_A_train_PAN_test_LG,patchtst,recal_bias,1.0,0,42,27105,17177,0.0768701098848636,0.05970096377292119,0.3403849532204791,13.658631327816922,0.897179110607548,0.003653263599162823,1.0,-0.0055266847211047744,0.0,cuda,False,2026-06-09T23:41:15+00:00
cross_A_train_PAN_test_LG,patchtst,finetune,1.0,0,42,27105,17177,0.024636475654560213,0.016751528044771855,0.24391460418701172,3.4153989693658273,0.9894385508312112,0.00019281877030152828,1.0,0.0,27.244,cuda,False,2026-06-09T23:41:43+00:00
cross_A_train_PAN_test_LG,patchtst,recal_affine,0.0,1,0,0,17177,0.07455020768644219,0.058991235562843046,0.28885041177272797,13.367444484453742,0.9032916290366526,0.009486720476679275,1.0,0.0,59.056,cuda,False,2026-06-09T23:42:42+00:00
cross_A_train_PAN_test_LG,patchtst,recal_bias,0.0,1,0,0,17177,0.07455020768644219,0.058991235562843046,0.28885041177272797,13.367444484453742,0.9032916290366526,0.009486720476679275,1.0,0.0,59.056,cuda,False,2026-06-09T23:42:42+00:00
cross_A_train_PAN_test_LG,patchtst,finetune,0.0,1,0,0,17177,0.07455020768644219,0.058991235562843046,0.28885041177272797,13.367444484453742,0.9032916290366526,0.009486720897257328,1.0,0.0,59.056,cuda,False,2026-06-09T23:42:42+00:00
cross_A_train_PAN_test_LG,patchtst,recal_affine,0.05,1,2,1038,17177,0.05540015080827798,0.04301525267958331,0.22633962895372456,9.065214952276186,0.9465942219804127,0.0015564463059610954,0.8451054847573658,0.08765373409471988,0.0,cuda,False,2026-06-09T23:42:42+00:00
cross_A_train_PAN_test_LG,patchtst,recal_bias,0.05,1,2,1038,17177,0.07394650056813003,0.05761188084600873,0.2989281868859982,13.623210064954028,0.9048515747166472,-0.0005910546365909601,1.0,-0.010077775113270232,0.0,cuda,False,2026-06-09T23:42:42+00:00
cross_A_train_PAN_test_LG,patchtst,finetune,0.05,1,2,1038,17177,0.054808290893887876,0.041264664023895996,0.18931753560900688,8.771790664200443,0.9477292331647662,-0.00714304530993104,1.0,0.0,0.922,cuda,False,2026-06-09T23:42:43+00:00
cross_A_train_PAN_test_LG,patchtst,recal_affine,0.1,1,4,2194,17177,0.05702801768074473,0.046143919393652255,0.2421259112557249,9.587167930592143,0.9434095817764688,0.014491089339552976,0.8342499797705168,0.10728721134308758,0.0,cuda,False,2026-06-09T23:42:43+00:00
cross_A_train_PAN_test_LG,patchtst,recal_bias,0.1,1,4,2194,17177,0.0771432304374308,0.062146335387843366,0.2763520827467673,13.354078146526794,0.8964471645515696,0.021985049502639954,1.0,0.012498329025960665,0.0,cuda,False,2026-06-09T23:42:43+00:00
cross_A_train_PAN_test_LG,patchtst,finetune,0.1,1,4,2194,17177,0.04797673323344662,0.036966060115779284,0.2194821536540985,7.420836258107174,0.9599476780120401,0.01768169179558754,1.0,0.0,0.584,cuda,False,2026-06-09T23:42:44+00:00
cross_A_train_PAN_test_LG,patchtst,recal_affine,0.2,1,8,4212,17177,0.05699934081229305,0.04609315980373284,0.24047018155626843,9.581601723557327,0.9434664811048613,0.014082057087534223,0.8389958571708184,0.10394954095338792,0.0,cuda,False,2026-06-09T23:42:44+00:00
cross_A_train_PAN_test_LG,patchtst,recal_bias,0.2,1,8,4212,17177,0.0760623995182253,0.060904241400882776,0.2805115040758729,13.320066279476933,0.899328533272376,0.01782562817353435,1.0,0.008338907696855063,0.0,cuda,False,2026-06-09T23:42:44+00:00
cross_A_train_PAN_test_LG,patchtst,finetune,0.2,1,8,4212,17177,0.04562099522281873,0.034673776355473744,0.23259687423706055,7.38685776733278,0.9637843851559963,0.016053732484579086,1.0,0.0,3.421,cuda,False,2026-06-09T23:42:48+00:00
cross_A_train_PAN_test_LG,patchtst,recal_affine,0.5,1,21,15809,17177,0.055363470400436404,0.0422216792742914,0.22260266854310906,8.889026457650626,0.9466649184381613,-0.0036189775438662773,0.8396296003386189,0.08585742912926489,0.0,cuda,False,2026-06-09T23:42:48+00:00
cross_A_train_PAN_test_LG,patchtst,recal_bias,0.5,1,21,15809,17177,0.07396674399585033,0.057518163107428986,0.30016568814372435,13.670038379899307,0.9047994723479977,-0.0018285558943171216,1.0,-0.011315276370996413,0.0,cuda,False,2026-06-09T23:42:48+00:00
cross_A_train_PAN_test_LG,patchtst,finetune,0.5,1,21,15809,17177,0.02867799629739768,0.021791375769671915,0.15023529529571533,4.493704745044837,0.9856891983931145,0.00023898899962659925,1.0,0.0,5.979,cuda,False,2026-06-09T23:42:54+00:00
cross_A_train_PAN_test_LG,patchtst,recal_affine,1.0,1,42,27105,17177,0.05514866682096275,0.04271150942341853,0.22856636126977986,8.931966836078153,0.947077982911944,0.0006753978843955092,0.8332749107892548,0.0940732261615082,0.0,cuda,False,2026-06-09T23:42:54+00:00
cross_A_train_PAN_test_LG,patchtst,recal_bias,1.0,1,42,27105,17177,0.07402268296801863,0.05803670873337811,0.2949280278076547,13.49635870011342,0.9046554229249291,0.0034091044417525417,1.0,-0.00607761603492671,0.0,cuda,False,2026-06-09T23:42:55+00:00
cross_A_train_PAN_test_LG,patchtst,finetune,1.0,1,42,27105,17177,0.024443854532181477,0.01823060953982143,0.1622259020805359,3.7747170345361223,0.989603055314069,0.0027652354910969734,1.0,0.0,21.303,cuda,False,2026-06-09T23:43:16+00:00
cross_A_train_PAN_test_LG,patchtst,recal_affine,0.0,2,0,0,17177,0.07324086430728838,0.05729114350816118,0.29976367950439453,12.64292370841384,0.9066588227984789,0.01479692459368866,1.0,0.0,63.825,cuda,False,2026-06-09T23:44:20+00:00
cross_A_train_PAN_test_LG,patchtst,recal_bias,0.0,2,0,0,17177,0.07324086430728838,0.05729114350816118,0.29976367950439453,12.64292370841384,0.9066588227984789,0.01479692459368866,1.0,0.0,63.825,cuda,False,2026-06-09T23:44:20+00:00
cross_A_train_PAN_test_LG,patchtst,finetune,0.0,2,0,0,17177,0.07324086430728838,0.05729114350816118,0.29976367950439453,12.64292370841384,0.9066588227984789,0.014796924777328968,1.0,0.0,63.825,cuda,False,2026-06-09T23:44:20+00:00
cross_A_train_PAN_test_LG,patchtst,recal_affine,0.05,2,2,1463,17177,0.05822372069642473,0.04234120367970213,0.2402035607103259,9.036261063022984,0.941011648129121,-0.017723025188548285,0.85958500429988,0.05487450986164132,0.0,cuda,False,2026-06-09T23:44:20+00:00
cross_A_train_PAN_test_LG,patchtst,recal_bias,0.05,2,2,1463,17177,0.0741127217934177,0.056552899344016624,0.31711259914112677,14.171818344904866,0.9044233336660893,-0.01863921416211554,1.0,-0.03343613875580421,0.0,cuda,False,2026-06-09T23:44:20+00:00
cross_A_train_PAN_test_LG,patchtst,finetune,0.05,2,2,1463,17177,0.047232542183924385,0.03604988750748507,0.19350284337997437,7.682347621995171,0.9611805842638182,0.002164245583117008,1.0,0.0,1.17,cuda,False,2026-06-09T23:44:21+00:00
cross_A_train_PAN_test_LG,patchtst,recal_affine,0.1,2,4,3490,17177,0.05606424348162068,0.0411945879295412,0.24581935707976066,8.752641130359258,0.9453061764894775,-0.007595471820456308,0.8620051127793075,0.063495784845544,0.0,cuda,False,2026-06-09T23:44:22+00:00
cross_A_train_PAN_test_LG,patchtst,recal_bias,0.1,2,4,3490,17177,0.07191415988179405,0.05515730880294812,0.3036086711888455,13.222569676691123,0.9100098087156813,-0.005135286209834261,1.0,-0.019932210803522935,0.0,cuda,False,2026-06-09T23:44:22+00:00
cross_A_train_PAN_test_LG,patchtst,finetune,0.1,2,4,3490,17177,0.05361793227585333,0.03799182929607399,0.21333715319633484,8.05906934256117,0.9499750715639075,-0.0030761300586163998,1.0,0.0,3.137,cuda,False,2026-06-09T23:44:25+00:00
cross_A_train_PAN_test_LG,patchtst,recal_affine,0.2,2,8,5525,17177,0.055730290830477903,0.04213582809536857,0.2567045300668851,8.862510814340876,0.945955815085543,0.002577702331681646,0.865119096974838,0.07173081154590137,0.0,cuda,False,2026-06-09T23:44:25+00:00
cross_A_train_PAN_test_LG,patchtst,recal_bias,0.2,2,8,5525,17177,0.0720173689418284,0.055772063558055855,0.29205262160881074,12.759635439825775,0.909751320877982,0.006420763370200505,1.0,-0.008376161223488157,0.0,cuda,False,2026-06-09T23:44:25+00:00
cross_A_train_PAN_test_LG,patchtst,finetune,0.2,2,8,5525,17177,0.0400291460808838,0.029880209817312132,0.23783227801322937,6.096213935955149,0.9721183158134264,0.009537353180348873,1.0,0.0,1.352,cuda,False,2026-06-09T23:44:26+00:00
cross_A_train_PAN_test_LG,patchtst,recal_affine,0.5,2,21,14340,17177,0.055245766228694815,0.041946145323926494,0.2533378980026506,8.67060885625083,0.9468914608934222,0.003984024265005279,0.8442441986125753,0.08612969494600052,0.0,cuda,False,2026-06-09T23:44:27+00:00
cross_A_train_PAN_test_LG,patchtst,recal_bias,0.5,2,21,14340,17177,0.07202149448754448,0.055777915411868675,0.2920065123830744,12.758467041564103,0.9097409807136188,0.006466872595936829,1.0,-0.008330051997751829,0.0,cuda,False,2026-06-09T23:44:27+00:00
cross_A_train_PAN_test_LG,patchtst,finetune,0.5,2,21,14340,17177,0.02583585082268597,0.018295567842942007,0.19478487968444824,3.8684781300722717,0.9883851959091241,0.0014050904428586364,1.0,0.0,9.774,cuda,False,2026-06-09T23:44:37+00:00
cross_A_train_PAN_test_LG,patchtst,recal_affine,1.0,2,42,27105,17177,0.05508524002991855,0.041414609019039435,0.2497412684492567,8.560616278183565,0.9471996447271149,0.0008736552284723616,0.842117499115315,0.08434298619561617,0.0,cuda,False,2026-06-09T23:44:37+00:00
cross_A_train_PAN_test_LG,patchtst,recal_bias,1.0,2,42,27105,17177,0.07181457040027311,0.05545303394326778,0.29500102342979656,12.845542211066686,0.9102588798580932,0.0034723615492146358,1.0,-0.011324563044473993,0.0,cuda,False,2026-06-09T23:44:37+00:00
cross_A_train_PAN_test_LG,patchtst,finetune,1.0,2,42,27105,17177,0.025246964764842745,0.018794408303263607,0.17379498481750488,3.9763204011128774,0.9889086425913283,0.00332152983173728,1.0,0.0,20.066,cuda,False,2026-06-09T23:44:57+00:00
cross_A_train_PAN_test_LG,patchtst,recal_affine,0.0,3,0,0,17177,0.07255177349973471,0.057928648195913986,0.27657151967287064,12.521662624409826,0.9084069716230792,0.017074631378505723,1.0,0.0,55.444,cuda,False,2026-06-09T23:45:53+00:00
cross_A_train_PAN_test_LG,patchtst,recal_bias,0.0,3,0,0,17177,0.07255177349973471,0.057928648195913986,0.27657151967287064,12.521662624409826,0.9084069716230792,0.017074631378505723,1.0,0.0,55.444,cuda,False,2026-06-09T23:45:53+00:00
cross_A_train_PAN_test_LG,patchtst,finetune,0.0,3,0,0,17177,0.07255177349973471,0.057928648195913986,0.27657151967287064,12.521662624409826,0.9084069716230792,0.01707463152706623,1.0,0.0,55.444,cuda,False,2026-06-09T23:45:53+00:00
cross_A_train_PAN_test_LG,patchtst,recal_affine,0.05,3,2,1447,17177,0.09027571271546267,0.07803399780088675,0.2813476595803125,15.634406564162148,0.8581895601683077,0.06975122947799242,0.8908375116274029,0.12086810030485384,0.0,cuda,False,2026-06-09T23:45:53+00:00
cross_A_train_PAN_test_LG,patchtst,recal_bias,0.05,3,2,1447,17177,0.10777186150329703,0.09252186270492486,0.3121256207057379,17.069557150014088,0.7978949706287731,0.08150188544224533,1.0,0.06442725406373956,0.0,cuda,False,2026-06-09T23:45:53+00:00
cross_A_train_PAN_test_LG,patchtst,finetune,0.05,3,2,1447,17177,0.0715052521640456,0.062285766686508745,0.2702862024307251,12.329829158355778,0.9110302772022731,0.04959234967827797,1.0,0.0,1.161,cuda,False,2026-06-09T23:45:54+00:00
cross_A_train_PAN_test_LG,patchtst,recal_affine,0.1,3,4,3125,17177,0.05659631468048156,0.043467563121849795,0.22068933179598715,9.203182492803531,0.9442631195854271,0.0025253119279094556,0.8762745719684268,0.06273934375463848,0.0,cuda,False,2026-06-09T23:45:54+00:00
cross_A_train_PAN_test_LG,patchtst,recal_bias,0.1,3,4,3125,17177,0.0708120422910327,0.05552312633108656,0.2871555014550686,12.524976688000933,0.9127469549229027,0.006490649596307749,1.0,-0.010583981782197951,0.0,cuda,False,2026-06-09T23:45:55+00:00
cross_A_train_PAN_test_LG,patchtst,finetune,0.1,3,4,3125,17177,0.04847291976144233,0.03541737051249425,0.19893461093306541,7.558091668305036,0.9591149330951948,-0.005541085731238127,1.0,0.0,0.794,cuda,False,2026-06-09T23:45:55+00:00
cross_A_train_PAN_test_LG,patchtst,recal_affine,0.2,3,8,5079,17177,0.057093874818240575,0.04243448966271777,0.24350767464222078,8.555673222349848,0.9432788027297331,-0.010473064863478855,0.8235008737817657,0.08270758223495248,0.0,cuda,False,2026-06-09T23:45:56+00:00
cross_A_train_PAN_test_LG,patchtst,recal_bias,0.2,3,8,5079,17177,0.07148064318852906,0.054675118071474994,0.30536218917869773,13.236348138658894,0.9110915056269485,-0.011716038127321372,1.0,-0.028790669505827114,0.0,cuda,False,2026-06-09T23:45:56+00:00
cross_A_train_PAN_test_LG,patchtst,finetune,0.2,3,8,5079,17177,0.03942101152867451,0.03097581210821466,0.2339809536933899,6.430462449956753,0.9729590540408748,0.01269392017275095,1.0,0.0,4.85,cuda,False,2026-06-09T23:46:01+00:00
cross_A_train_PAN_test_LG,patchtst,recal_affine,0.5,3,21,13757,17177,0.05604038287568838,0.04291698980759687,0.2241774543073447,8.982183857711162,0.945352721309587,0.002155837537987183,0.8595145756719208,0.07283948526898351,0.0,cuda,False,2026-06-09T23:46:01+00:00
cross_A_train_PAN_test_LG,patchtst,recal_bias,0.5,3,21,13757,17177,0.0708294517422514,0.05555401822609846,0.2869682447280619,12.522288857224959,0.9127040465612002,0.006677906323314431,1.0,-0.01039672505519128,0.0,cuda,False,2026-06-09T23:46:01+00:00
cross_A_train_PAN_test_LG,patchtst,finetune,0.5,3,21,13757,17177,0.027578851492359658,0.01953819654667246,0.19369226694107056,3.947770464065864,0.98676515971029,0.0010739611461758614,1.0,0.0,9.459,cuda,False,2026-06-09T23:46:10+00:00
cross_A_train_PAN_test_LG,patchtst,recal_affine,1.0,3,42,27105,17177,0.05587845419888803,0.04265482185182254,0.22681452407029645,8.877604889413123,0.9456680716530086,0.001156422051724201,0.850713621366236,0.07733784016055392,0.0,cuda,False,2026-06-09T23:46:11+00:00
cross_A_train_PAN_test_LG,patchtst,recal_bias,1.0,3,42,27105,17177,0.07060775435534447,0.05510713248209268,0.29000772091466775,12.577542216966664,0.9132496669559548,0.003638430136708583,1.0,-0.013436201241797154,0.0,cuda,False,2026-06-09T23:46:11+00:00
cross_A_train_PAN_test_LG,patchtst,finetune,1.0,3,42,27105,17177,0.025234241478765452,0.01889900886636678,0.1670541763305664,3.9582617260140887,0.9889198188222974,0.004838597495108843,1.0,0.0,18.984,cuda,False,2026-06-09T23:46:30+00:00
cross_A_train_PAN_test_LG,patchtst,recal_affine,0.0,4,0,0,17177,0.07579410260414383,0.061099817049750045,0.2788325399160385,13.27600614649187,0.9000374829705569,0.015170977300991243,1.0,0.0,45.363,cuda,False,2026-06-09T23:47:16+00:00
cross_A_train_PAN_test_LG,patchtst,recal_bias,0.0,4,0,0,17177,0.07579410260414383,0.061099817049750045,0.2788325399160385,13.27600614649187,0.9000374829705569,0.015170977300991243,1.0,0.0,45.363,cuda,False,2026-06-09T23:47:16+00:00
cross_A_train_PAN_test_LG,patchtst,finetune,0.0,4,0,0,17177,0.07579410260414383,0.061099817049750045,0.2788325399160385,13.27600614649187,0.9000374829705569,0.015170976519584656,1.0,0.0,45.363,cuda,False,2026-06-09T23:47:16+00:00
cross_A_train_PAN_test_LG,patchtst,recal_affine,0.05,4,2,1401,17177,0.06490278397642774,0.04811364367358781,0.26712580831930743,9.80987533281401,0.9267018515071317,-0.026211400999777798,0.8352222580210119,0.061237119044990566,0.0,cuda,False,2026-06-09T23:47:16+00:00
cross_A_train_PAN_test_LG,patchtst,recal_bias,0.05,4,2,1401,17177,0.08551984598657664,0.06513811298636386,0.3364188047943585,16.580150581652603,0.872737581438836,-0.04241528757732872,1.0,-0.05758626487831998,0.0,cuda,False,2026-06-09T23:47:16+00:00
cross_A_train_PAN_test_LG,patchtst,finetune,0.05,4,2,1401,17177,0.05369719696533941,0.03830259590558094,0.2456144094467163,8.95480886379476,0.9498270561077354,-0.00766612496227026,1.0,0.0,1.178,cuda,False,2026-06-09T23:47:17+00:00
cross_A_train_PAN_test_LG,patchtst,recal_affine,0.1,4,4,2067,17177,0.063833859144214,0.05226876738034938,0.2452098770447494,11.234400823418927,0.9290963562364702,0.01780908511626809,0.7837049919876001,0.13734128273473828,0.0,cuda,False,2026-06-09T23:47:17+00:00
cross_A_train_PAN_test_LG,patchtst,recal_bias,0.1,4,4,2067,17177,0.076697874486363,0.06224654562167059,0.2748208032947089,13.340826362296701,0.8976393560012741,0.019182713922320817,1.0,0.004011736621329562,0.0,cuda,False,2026-06-09T23:47:17+00:00
cross_A_train_PAN_test_LG,patchtst,finetune,0.1,4,4,2067,17177,0.052456497372831576,0.03978891840735185,0.2530742287635803,8.907297928541896,0.9521188106719801,0.015603221952915192,1.0,0.0,0.507,cuda,False,2026-06-09T23:47:18+00:00
cross_A_train_PAN_test_LG,patchtst,recal_affine,0.2,4,8,5549,17177,0.061811509670294536,0.05018059415461986,0.22005196498360258,10.464225964433691,0.9335178502796926,0.014031463493159322,0.874891219975676,0.07677513634725076,0.0,cuda,False,2026-06-09T23:47:18+00:00
cross_A_train_PAN_test_LG,patchtst,recal_bias,0.2,4,8,5549,17177,0.07634625934248546,0.061810359126801065,0.2762788485800775,13.313106269306877,0.8985757327298423,0.017724668636952205,1.0,0.002553691335960989,0.0,cuda,False,2026-06-09T23:47:18+00:00
cross_A_train_PAN_test_LG,patchtst,finetune,0.2,4,8,5549,17177,0.029411713801142218,0.02164986264811841,0.2040654420852661,4.500619067596117,0.9849475561798051,0.0014403446111828089,1.0,0.0,5.319,cuda,False,2026-06-09T23:47:23+00:00
cross_A_train_PAN_test_LG,patchtst,recal_affine,0.5,4,21,14148,17177,0.05946154787512014,0.04604398910545378,0.24002320746527894,9.610543126459131,0.9384768202832448,-0.0015960843979225,0.8495928704297412,0.07690277409533249,0.0,cuda,False,2026-06-09T23:47:24+00:00
cross_A_train_PAN_test_LG,patchtst,recal_bias,0.5,4,21,14148,17177,0.07432098565885593,0.05878741830998935,0.2909999406817012,13.340301911333373,0.9038854197099421,0.003003576535328531,1.0,-0.012167400765662724,0.0,cuda,False,2026-06-09T23:47:24+00:00
cross_A_train_PAN_test_LG,patchtst,finetune,0.5,4,21,14148,17177,0.033104939735703644,0.024041827885417658,0.17146176099777222,4.736776614455958,0.9809299445591164,0.012365146540105343,1.0,0.0,8.001,cuda,False,2026-06-09T23:47:32+00:00
cross_A_train_PAN_test_LG,patchtst,recal_affine,1.0,4,42,27105,17177,0.059409230660739464,0.04638675704394515,0.23781848063234856,9.652095915671541,0.9385850349363226,0.0013053160773197395,0.8455677466907496,0.08231092196187269,0.0,cuda,False,2026-06-09T23:47:32+00:00
cross_A_train_PAN_test_LG,patchtst,recal_bias,1.0,4,42,27105,17177,0.07436343271232049,0.05889946475140877,0.2900878196470529,13.322357117571743,0.9037756002360025,0.003915697569976874,1.0,-0.011255279731014364,0.0,cuda,False,2026-06-09T23:47:32+00:00
cross_A_train_PAN_test_LG,patchtst,finetune,1.0,4,42,27105,17177,0.025761209023952278,0.019114118502513003,0.1964336633682251,4.019487223135901,0.9884522111223756,0.0038255401886999607,1.0,0.0,24.833,cuda,False,2026-06-09T23:47:57+00:00
cross_A_train_PAN_test_LG,tcn,recal_affine,0.0,0,0,0,17177,0.10938749934428454,0.08801177016158435,0.36033910512924194,16.61094591594013,0.7917899248667057,0.0823005717676056,1.0,0.0,58.019,cuda,False,2026-06-09T23:48:55+00:00
cross_A_train_PAN_test_LG,tcn,recal_bias,0.0,0,0,0,17177,0.10938749934428454,0.08801177016158435,0.36033910512924194,16.61094591594013,0.7917899248667057,0.0823005717676056,1.0,0.0,58.019,cuda,False,2026-06-09T23:48:55+00:00
cross_A_train_PAN_test_LG,tcn,recal_affine,0.05,0,2,1212,17177,0.06696765017579358,0.05241250103022626,0.25925182551876014,9.752677572380458,0.9219637353486383,-0.006783468888145552,0.8596949864198369,0.00771306611984028,0.0,cuda,False,2026-06-09T23:48:56+00:00
cross_A_train_PAN_test_LG,tcn,recal_bias,0.05,0,2,1212,17177,0.07246800597237504,0.056721865039914235,0.2703332760595645,12.70967938849995,0.9086183542491305,-0.00770525730207177,1.0,-0.09000582906967736,0.0,cuda,False,2026-06-09T23:48:56+00:00
cross_A_train_PAN_test_LG,tcn,recal_affine,0.1,0,4,2139,17177,0.06754727850876324,0.052287011599582336,0.27887656679851125,10.187823858956586,0.9206070271661847,0.01344156986530837,0.8975942257818096,0.0017912365210912583,0.0,cuda,False,2026-06-09T23:48:56+00:00
cross_A_train_PAN_test_LG,tcn,recal_bias,0.1,0,4,2139,17177,0.07385366262668779,0.05608406181207993,0.2942287336030036,11.998633231518863,0.9050903375742018,0.01619020024136717,1.0,-0.0661103715262384,0.0,cuda,False,2026-06-09T23:48:56+00:00
cross_A_train_PAN_test_LG,tcn,recal_affine,0.2,0,8,5402,17177,0.06919351561529322,0.05319113908704681,0.2837055702571336,10.536356728679147,0.9166899977171339,0.01863152894956659,0.9203828335209723,-0.008740774980786993,0.0,cuda,False,2026-06-09T23:48:56+00:00
cross_A_train_PAN_test_LG,tcn,recal_bias,0.2,0,8,5402,17177,0.07533568239655337,0.056970203154924855,0.30002089316747393,12.028874924528727,0.9012430189330132,0.021982359805837678,1.0,-0.06031821196176793,0.0,cuda,False,2026-06-09T23:48:56+00:00
cross_A_train_PAN_test_LG,tcn,recal_affine,0.5,0,21,12741,17177,0.06620779920523237,0.051656365280678976,0.26780817711745364,9.94223166597414,0.9237245714991498,0.0021961687522993943,0.8864187687405705,-0.0017441627831170567,0.0,cuda,False,2026-06-09T23:48:56+00:00
cross_A_train_PAN_test_LG,tcn,recal_bias,0.5,0,21,12741,17177,0.07219808231273805,0.05555740496995728,0.2825465473496187,12.183527390699869,0.9092978301284117,0.004508013987982352,1.0,-0.07779255777962325,0.0,cuda,False,2026-06-09T23:48:56+00:00
cross_A_train_PAN_test_LG,tcn,recal_affine,1.0,0,42,27105,17177,0.06617240374401423,0.05174782106104655,0.2648052150746635,9.974109340527667,0.9238061051652877,-0.0007859549697203369,0.8877343773202743,-0.005633931220852609,0.0,cuda,False,2026-06-09T23:48:56+00:00
cross_A_train_PAN_test_LG,tcn,recal_bias,1.0,0,42,27105,17177,0.07206118277681525,0.05573853407383139,0.27879560909927537,12.310728203490935,0.9096414767223152,0.0007570757376390338,1.0,-0.08154349602996654,0.0,cuda,False,2026-06-09T23:48:56+00:00
cross_A_train_PAN_test_LG,tcn,recal_affine,0.0,1,0,0,17177,0.11338498727560237,0.09293002184592554,0.38183343410491943,17.23023500793383,0.7762940869116577,0.08759939176799664,1.0,0.0,57.805,cuda,False,2026-06-09T23:49:54+00:00
cross_A_train_PAN_test_LG,tcn,recal_bias,0.0,1,0,0,17177,0.11338498727560237,0.09293002184592554,0.38183343410491943,17.23023500793383,0.7762940869116577,0.08759939176799664,1.0,0.0,57.805,cuda,False,2026-06-09T23:49:54+00:00
cross_A_train_PAN_test_LG,tcn,recal_affine,0.05,1,2,1038,17177,0.06709848262721589,0.053542077740090566,0.2404687597987346,10.265028293143526,0.921658523834485,-0.0226750030083747,0.8600370034760059,-0.012971608495046307,0.0,cuda,False,2026-06-09T23:49:54+00:00
cross_A_train_PAN_test_LG,tcn,recal_bias,0.05,1,2,1038,17177,0.07743507807673324,0.06296346957973127,0.27238800728367013,15.056769831903932,0.8956621619648798,-0.028525241723502046,1.0,-0.11612463349149865,0.0,cuda,False,2026-06-09T23:49:54+00:00
cross_A_train_PAN_test_LG,tcn,recal_affine,0.1,1,4,2194,17177,0.06500702596291714,0.04960744996966312,0.27858199344421875,9.66011545675678,0.9264662104411556,0.015567432900772171,0.8642384796693318,0.02234994582212076,0.0,cuda,False,2026-06-09T23:49:54+00:00
cross_A_train_PAN_test_LG,tcn,recal_bias,0.1,1,4,2194,17177,0.07517797705838948,0.05570107105712868,0.315895675083006,12.052718961815527,0.9016560556511748,0.02166163274608319,1.0,-0.06593775902191346,0.0,cuda,False,2026-06-09T23:49:54+00:00
cross_A_train_PAN_test_LG,tcn,recal_affine,0.2,1,8,4212,17177,0.06315959348954961,0.04844703508149004,0.2654031221953832,9.356031911936261,0.9305863303444497,0.002395633830713158,0.8644684569926556,0.00901826567708711,0.0,cuda,False,2026-06-09T23:49:54+00:00
cross_A_train_PAN_test_LG,tcn,recal_bias,0.2,1,8,4212,17177,0.07208064843234269,0.05438962549254516,0.29785591713617166,12.418337647109649,0.9095926536144596,0.0036218747992488483,1.0,-0.08397751696874783,0.0,cuda,False,2026-06-09T23:49:54+00:00
cross_A_train_PAN_test_LG,tcn,recal_affine,0.5,1,21,15809,17177,0.06323079081294672,0.048589656802172664,0.261080894167417,9.605151747758752,0.9304297475448302,-0.0013196940375656053,0.8842039979991919,-0.008417282366501534,0.0,cuda,False,2026-06-09T23:49:54+00:00
cross_A_train_PAN_test_LG,tcn,recal_bias,0.5,1,21,15809,17177,0.07198989925746782,0.054654161053829836,0.2944430728007674,12.585891107252209,0.9098201551040048,0.00020903046384463368,1.0,-0.08739036130415201,0.0,cuda,False,2026-06-09T23:49:54+00:00
cross_A_train_PAN_test_LG,tcn,recal_affine,1.0,1,42,27105,17177,0.0631023111651557,0.04849500113304821,0.26242850196459033,9.38848792266699,0.9307121821124835,-0.00047113395490483374,0.8679756670673742,0.0037132726403717705,0.0,cuda,False,2026-06-09T23:49:54+00:00
cross_A_train_PAN_test_LG,tcn,recal_bias,1.0,1,42,27105,17177,0.07200385008130948,0.05454075110380454,0.29566670599812905,12.522393600191991,0.9097852000604698,0.0014326636612062634,1.0,-0.08616672810679035,0.0,cuda,False,2026-06-09T23:49:54+00:00
cross_A_train_PAN_test_LG,tcn,recal_affine,0.0,2,0,0,17177,0.10908024147028174,0.09075327417452413,0.3522695302963257,17.470863487239644,0.7929579621116739,0.0854984814449802,1.0,0.0,57.96,cuda,False,2026-06-09T23:50:52+00:00
cross_A_train_PAN_test_LG,tcn,recal_bias,0.0,2,0,0,17177,0.10908024147028174,0.09075327417452413,0.3522695302963257,17.470863487239644,0.7929579621116739,0.0854984814449802,1.0,0.0,57.96,cuda,False,2026-06-09T23:50:52+00:00
cross_A_train_PAN_test_LG,tcn,recal_affine,0.05,2,2,1463,17177,0.06980825173781732,0.05488477937387303,0.2543990307846635,12.710361751302255,0.9152031194693311,-0.018585643892232752,0.9953495390818745,-0.10086087812636077,0.0,cuda,False,2026-06-09T23:50:52+00:00
cross_A_train_PAN_test_LG,tcn,recal_bias,0.05,2,2,1463,17177,0.07024998007801547,0.055194292678464756,0.25739452177155775,12.85731475263075,0.9141265792613693,-0.018615879005414362,1.0,-0.10411436045039459,0.0,cuda,False,2026-06-09T23:50:52+00:00
cross_A_train_PAN_test_LG,tcn,recal_affine,0.1,2,4,3490,17177,0.06382649902827647,0.049678516015060556,0.269445202955677,10.371145741905204,0.9291127058340042,0.008159818566060852,0.9366157333405326,-0.03340685389935071,0.0,cuda,False,2026-06-09T23:50:52+00:00
cross_A_train_PAN_test_LG,tcn,recal_bias,0.1,2,4,3490,17177,0.06851204526833414,0.05240319360779527,0.2770370898133192,11.597285525796213,0.9183229172867475,0.010266040961973729,1.0,-0.07523244048300651,0.0,cuda,False,2026-06-09T23:50:52+00:00
cross_A_train_PAN_test_LG,tcn,recal_affine,0.2,2,8,5525,17177,0.0630489581772112,0.04930024726913817,0.25706728762220976,10.222927613994875,0.930829298245305,-0.004464460553082619,0.9240524551425942,-0.037323490459272884,0.0,cuda,False,2026-06-09T23:50:52+00:00
cross_A_train_PAN_test_LG,tcn,recal_bias,0.2,2,8,5525,17177,0.06780570123640675,0.0524270661111589,0.2637537039351139,11.929553509809457,0.9199983810157162,-0.0030173449162314847,1.0,-0.08851582636121172,0.0,cuda,False,2026-06-09T23:50:52+00:00
cross_A_train_PAN_test_LG,tcn,recal_affine,0.5,2,21,14340,17177,0.06262982881283989,0.049230957355335746,0.2649463145035612,9.935375597718151,0.931745891003206,0.0029008819779738028,0.8978572114667834,-0.011802152726415348,0.0,cuda,False,2026-06-09T23:50:52+00:00
cross_A_train_PAN_test_LG,tcn,recal_bias,0.5,2,21,14340,17177,0.06787542474741322,0.05214407838106121,0.2710797069747537,11.693818984469987,0.9198337676708023,0.0043086581234081205,1.0,-0.08118982332157207,0.0,cuda,False,2026-06-09T23:50:53+00:00
cross_A_train_PAN_test_LG,tcn,recal_affine,1.0,2,42,27105,17177,0.06257043920174081,0.04915031185430234,0.261267070696498,9.889934444547162,0.9318752754556852,-0.000804275634537219,0.8965357414864646,-0.014591395872967513,0.0,cuda,False,2026-06-09T23:50:53+00:00
cross_A_train_PAN_test_LG,tcn,recal_bias,1.0,2,42,27105,17177,0.0677412046325798,0.052206633420739654,0.26737275912689773,11.797024219362406,0.9201505032892558,0.000601710275552345,1.0,-0.08489677116942788,0.0,cuda,False,2026-06-09T23:50:53+00:00
cross_A_train_PAN_test_LG,tcn,recal_affine,0.0,3,0,0,17177,0.10794943869809386,0.08684567501608523,0.32430022954940796,16.458352149170192,0.7972283993870338,0.08032477747740259,1.0,0.0,58.078,cuda,False,2026-06-09T23:51:51+00:00
cross_A_train_PAN_test_LG,tcn,recal_bias,0.0,3,0,0,17177,0.10794943869809386,0.08684567501608523,0.32430022954940796,16.458352149170192,0.7972283993870338,0.08032477747740259,1.0,0.0,58.078,cuda,False,2026-06-09T23:51:51+00:00
cross_A_train_PAN_test_LG,tcn,recal_affine,0.05,3,2,1447,17177,0.0746988776364118,0.057326107841413024,0.27940180089856637,11.40815221585712,0.9029055277704416,0.03743092604495272,0.893381355985037,0.030452209710828015,0.0,cuda,False,2026-06-09T23:51:51+00:00
cross_A_train_PAN_test_LG,tcn,recal_bias,0.05,3,2,1447,17177,0.08501541479341024,0.06428538204371204,0.28899332978804515,13.068782736728544,0.8742344458979128,0.04501787771603988,1.0,-0.03530689976136274,0.0,cuda,False,2026-06-09T23:51:51+00:00
cross_A_train_PAN_test_LG,tcn,recal_affine,0.1,3,4,3125,17177,0.06608561028634892,0.05150420207668174,0.2526959882237506,10.426173955985034,0.9240058498997534,0.011341847007465095,0.910887522987959,-0.007679869941078961,0.0,cuda,False,2026-06-09T23:51:51+00:00
cross_A_train_PAN_test_LG,tcn,recal_bias,0.1,3,4,3125,17177,0.07365167641741505,0.056113701031824594,0.25892730816602705,12.375256521652862,0.9056087743622208,0.014951856094021686,1.0,-0.06537292138338088,0.0,cuda,False,2026-06-09T23:51:51+00:00
cross_A_train_PAN_test_LG,tcn,recal_affine,0.2,3,8,5079,17177,0.06662963972883099,0.053376446969556075,0.2311026192326513,9.884245556032822,0.9227495029607449,-0.01285267687488936,0.8370529708074546,0.018918538583002128,0.0,cuda,False,2026-06-09T23:51:51+00:00
cross_A_train_PAN_test_LG,tcn,recal_bias,0.2,3,8,5079,17177,0.07355042880396247,0.05983645840292066,0.2382588994610988,13.898063979774728,0.9058681117718428,-0.014444865482498384,1.0,-0.09476964295990098,0.0,cuda,False,2026-06-09T23:51:51+00:00
cross_A_train_PAN_test_LG,tcn,recal_affine,0.5,3,21,13757,17177,0.06510433848819543,0.05108066150979821,0.2506991519758113,10.083081679655123,0.9262458922657,0.008478419485327394,0.8862890729421437,0.006378690597680441,0.0,cuda,False,2026-06-09T23:51:51+00:00
cross_A_train_PAN_test_LG,tcn,recal_bias,0.5,3,21,13757,17177,0.07325201735422454,0.05604231149056882,0.25681471248779,12.420064629145855,0.9066303928282864,0.01283926041578459,1.0,-0.06748551706161802,0.0,cuda,False,2026-06-09T23:51:51+00:00
cross_A_train_PAN_test_LG,tcn,recal_affine,1.0,3,42,27105,17177,0.06451024835744035,0.05134345365508489,0.24301522480089677,10.048712460055238,0.9275857928299677,0.0005052181159259535,0.8780779392341412,0.0040541665357699645,0.0,cuda,False,2026-06-09T23:51:51+00:00
cross_A_train_PAN_test_LG,tcn,recal_bias,1.0,3,42,27105,17177,0.07215725577409204,0.05655513684283311,0.2463541328846539,12.8040494035734,0.9094003815681133,0.00237868081264856,1.0,-0.077946096664754,0.0,cuda,False,2026-06-09T23:51:51+00:00
cross_A_train_PAN_test_LG,tcn,recal_affine,0.0,4,0,0,17177,0.11375168630491739,0.0928682258744425,0.41822558641433716,17.773945781051804,0.7748447699529996,0.08620088528426414,1.0,0.0,58.025,cuda,False,2026-06-09T23:52:49+00:00
cross_A_train_PAN_test_LG,tcn,recal_bias,0.0,4,0,0,17177,0.11375168630491739,0.0928682258744425,0.41822558641433716,17.773945781051804,0.7748447699529996,0.08620088528426414,1.0,0.0,58.025,cuda,False,2026-06-09T23:52:49+00:00
cross_A_train_PAN_test_LG,tcn,recal_affine,0.05,4,2,1401,17177,0.07434696483165068,0.059788550001955654,0.24981756976957548,11.444469845221183,0.9038182135586488,-0.03245546038142563,0.8587277527469771,-0.020640933650354944,0.0,cuda,False,2026-06-09T23:52:49+00:00
cross_A_train_PAN_test_LG,tcn,recal_bias,0.05,4,2,1401,17177,0.08784854881934864,0.07271568731654768,0.2913382816408295,17.083919789783103,0.8657125163571002,-0.046994829675657095,1.0,-0.13319571495992127,0.0,cuda,False,2026-06-09T23:52:49+00:00
cross_A_train_PAN_test_LG,tcn,recal_affine,0.1,4,4,2067,17177,0.06936719697976819,0.05507933542801767,0.258622026814216,10.251402156185893,0.916271243028277,-0.014383020702089761,0.8293669219196699,0.017802201523735912,0.0,cuda,False,2026-06-09T23:52:49+00:00
cross_A_train_PAN_test_LG,tcn,recal_bias,0.1,4,4,2067,17177,0.07686444045121475,0.06097054164110061,0.3120424917312884,14.139939502965515,0.8971942768331258,-0.019982209398784603,1.0,-0.10618309468304875,0.0,cuda,False,2026-06-09T23:52:50+00:00
cross_A_train_PAN_test_LG,tcn,recal_affine,0.2,4,8,5549,17177,0.06751417291609503,0.053117143691595196,0.30051687058892707,10.587823997249455,0.9206848306658012,0.010170758529376479,0.8816516546187007,0.0060805641942364,0.0,cuda,False,2026-06-09T23:52:50+00:00
cross_A_train_PAN_test_LG,tcn,recal_bias,0.2,4,8,5549,17177,0.07537221821279354,0.057571862352846385,0.3451440671549808,12.630485248931217,0.901147206650421,0.01311936602490778,1.0,-0.07308151925935641,0.0,cuda,False,2026-06-09T23:52:50+00:00
cross_A_train_PAN_test_LG,tcn,recal_affine,0.5,4,21,14148,17177,0.06690097839149313,0.05316341375476749,0.2811314923015228,10.401252576729842,0.9221190409947354,-0.004173662474435628,0.8673376155171973,0.001667297167359735,0.0,cuda,False,2026-06-09T23:52:50+00:00
cross_A_train_PAN_test_LG,tcn,recal_bias,0.5,4,21,14148,17177,0.07422402741074866,0.05739643778336332,0.33143078897317946,12.93761011493691,0.9041360359375709,-0.000593912156893575,1.0,-0.08679479744115774,0.0,cuda,False,2026-06-09T23:52:50+00:00
cross_A_train_PAN_test_LG,tcn,recal_affine,1.0,4,42,27105,17177,0.06673068636710905,0.05289950591382298,0.2876776728580416,10.450650608097991,0.9225150180662655,-0.0003482463703067752,0.8750633561982883,0.000132554636618663,0.0,cuda,False,2026-06-09T23:52:50+00:00
cross_A_train_PAN_test_LG,tcn,recal_bias,1.0,4,42,27105,17177,0.07423593685868592,0.05728335468376169,0.3334810005036024,12.863064962223511,0.9041052701997827,0.0014562993735294208,1.0,-0.08474458591073471,0.0,cuda,False,2026-06-09T23:52:50+00:00
cross_A_train_PAN_test_LG,transformer,recal_affine,0.0,0,0,0,17177,0.09806176541129331,0.0815928795655731,0.29665297269821167,16.218213467514172,0.8326730990470677,0.06210718768652978,1.0,0.0,80.49,cuda,False,2026-06-09T23:54:11+00:00
cross_A_train_PAN_test_LG,transformer,recal_bias,0.0,0,0,0,17177,0.09806176541129331,0.0815928795655731,0.29665297269821167,16.218213467514172,0.8326730990470677,0.06210718768652978,1.0,0.0,80.49,cuda,False,2026-06-09T23:54:11+00:00
cross_A_train_PAN_test_LG,transformer,recal_affine,0.05,0,2,1212,17177,0.06863030927995054,0.05242924606830752,0.22839707080074217,11.287689130336942,0.9180406954848442,-0.019618709260634904,0.8868566298127691,-0.005952486714700966,0.0,cuda,False,2026-06-09T23:54:11+00:00
cross_A_train_PAN_test_LG,transformer,recal_bias,0.05,0,2,1212,17177,0.07900497311394258,0.059351163427833656,0.2764757881217664,14.724036249544978,0.89138865005797,-0.021976776458004655,1.0,-0.08408396414453441,0.0,cuda,False,2026-06-09T23:54:11+00:00
cross_A_train_PAN_test_LG,transformer,recal_affine,0.1,0,4,2139,17177,0.07555582012069526,0.06212857611928015,0.2912119695350506,13.319422845266784,0.9006650219017872,0.03792793729568896,0.8426051060212388,0.08122991189778431,0.0,cuda,False,2026-06-09T23:54:11+00:00
cross_A_train_PAN_test_LG,transformer,recal_bias,0.1,0,4,2139,17177,0.08926370651743556,0.07242364731365825,0.28154793632394826,14.927887078459223,0.8613511777698251,0.04700215131226639,1.0,-0.015105036374263364,0.0,cuda,False,2026-06-09T23:54:11+00:00
cross_A_train_PAN_test_LG,transformer,recal_affine,0.2,0,8,5402,17177,0.0662060531028175,0.051681672491458344,0.26020005215776365,10.88118133311764,0.9237285946793568,0.010408674793652031,0.8719422172843632,0.034063250143828765,0.0,cuda,False,2026-06-09T23:54:11+00:00
cross_A_train_PAN_test_LG,transformer,recal_bias,0.2,0,8,5402,17177,0.07733381290504111,0.05940686521214207,0.2494357663811202,13.513030161889294,0.8959348776559377,0.014889981369438306,1.0,-0.04721720631709146,0.0,cuda,False,2026-06-09T23:54:11+00:00
cross_A_train_PAN_test_LG,transformer,recal_affine,0.5,0,21,12741,17177,0.06568764972734864,0.05142253917946447,0.2599885597124567,10.64789252886824,0.9249183515844545,0.006797341611820384,0.8433847131716249,0.049577204380684955,0.0,cuda,False,2026-06-09T23:54:12+00:00
cross_A_train_PAN_test_LG,transformer,recal_bias,0.5,0,21,12741,17177,0.07668021495560617,0.05857636119154689,0.2455479799012612,13.484980777319686,0.8976864872379674,0.011002194889579316,1.0,-0.05110499279695046,0.0,cuda,False,2026-06-09T23:54:12+00:00
cross_A_train_PAN_test_LG,transformer,recal_affine,1.0,0,42,27105,17177,0.06531967527633652,0.0503380849368178,0.24848005981642152,10.44527075392314,0.9257571924842621,-0.0031347998598507216,0.8566255869876559,0.030777498138421212,0.0,cuda,False,2026-06-09T23:54:12+00:00
cross_A_train_PAN_test_LG,transformer,recal_bias,1.0,0,42,27105,17177,0.0759013475424864,0.05712984711010996,0.2559847725851826,13.627017276141911,0.899754398717844,-0.0014857609214208387,1.0,-0.0635929486079506,0.0,cuda,False,2026-06-09T23:54:13+00:00
cross_A_train_PAN_test_LG,transformer,recal_affine,0.0,1,0,0,17177,0.09538979650340741,0.07614635762549213,0.32014018297195435,14.898524247372471,0.8416674533905234,0.06140172782605037,1.0,0.0,59.424,cuda,False,2026-06-09T23:55:13+00:00
cross_A_train_PAN_test_LG,transformer,recal_bias,0.0,1,0,0,17177,0.09538979650340741,0.07614635762549213,0.32014018297195435,14.898524247372471,0.8416674533905234,0.06140172782605037,1.0,0.0,59.424,cuda,False,2026-06-09T23:55:13+00:00
cross_A_train_PAN_test_LG,transformer,recal_affine,0.05,1,2,1038,17177,0.06496898333462085,0.051327932210413374,0.22337224522392196,9.983824427831811,0.9265522503744144,-0.025825989928725868,0.8220262081965887,0.03183781461931502,0.0,cuda,False,2026-06-09T23:55:13+00:00
cross_A_train_PAN_test_LG,transformer,recal_bias,0.05,1,2,1038,17177,0.08065313644746992,0.06426134056775185,0.24826048439465506,16.38235312975345,0.8868097877570423,-0.03429121347921491,1.0,-0.09569294130526526,0.0,cuda,False,2026-06-09T23:55:13+00:00
cross_A_train_PAN_test_LG,transformer,recal_affine,0.1,1,4,2194,17177,0.06022029520338944,0.04689732565856609,0.2483601871522787,9.393765413543381,0.9368966940043344,0.0091687373236085,0.8256400684345832,0.0644148477336402,0.0,cuda,False,2026-06-09T23:55:13+00:00
cross_A_train_PAN_test_LG,transformer,recal_bias,0.1,1,4,2194,17177,0.07473531646525589,0.05649576943347643,0.27474865284064953,12.99723441447357,0.9028107774367129,0.016010197694745563,1.0,-0.04539153013130482,0.0,cuda,False,2026-06-09T23:55:13+00:00
cross_A_train_PAN_test_LG,transformer,recal_affine,0.2,1,8,4212,17177,0.05928531645677971,0.04579739820190764,0.23679650859884716,9.235747946793516,0.9388409631770871,6.814109563677524e-05,0.8419853879973754,0.044379134846929034,0.0,cuda,False,2026-06-09T23:55:13+00:00
cross_A_train_PAN_test_LG,transformer,recal_bias,0.2,1,8,4212,17177,0.07300855627188513,0.0552839910977507,0.2598376330058998,13.375073055838197,0.9072500096120941,0.0010991778599957168,1.0,-0.06030254996605465,0.0,cuda,False,2026-06-09T23:55:13+00:00
cross_A_train_PAN_test_LG,transformer,recal_affine,0.5,1,21,15809,17177,0.059332983229796916,0.045781515792864026,0.23479890470076997,9.36279020002458,0.9387425770650963,-9.196662452836366e-05,0.854179240355832,0.03606126688555696,0.0,cuda,False,2026-06-09T23:55:14+00:00
cross_A_train_PAN_test_LG,transformer,recal_bias,0.5,1,21,15809,17177,0.07303078040054901,0.05526778014421734,0.26084885533925695,13.331496766793993,0.9071935339999797,0.002110400193352976,1.0,-0.05929132763269738,0.0,cuda,False,2026-06-09T23:55:14+00:00
cross_A_train_PAN_test_LG,transformer,recal_affine,1.0,1,42,27105,17177,0.059294126842925676,0.04581189864740457,0.2356549956686556,9.235763196792165,0.9388227841472354,-0.0010532200228654364,0.8421191179171702,0.04316830761134653,0.0,cuda,False,2026-06-09T23:55:15+00:00
cross_A_train_PAN_test_LG,transformer,recal_bias,1.0,1,42,27105,17177,0.0730098858658191,0.05528195536851424,0.2599226583391181,13.371279788312668,0.907246631351961,0.001184203193214107,1.0,-0.060217524632836285,0.0,cuda,False,2026-06-09T23:55:15+00:00
cross_A_train_PAN_test_LG,transformer,recal_affine,0.0,2,0,0,17177,0.10562771881088198,0.08801221381813251,0.34765034914016724,17.634129495967798,0.8058568134110993,0.06635732870487587,1.0,0.0,97.429,cuda,False,2026-06-09T23:56:53+00:00
cross_A_train_PAN_test_LG,transformer,recal_bias,0.0,2,0,0,17177,0.10562771881088198,0.08801221381813251,0.34765034914016724,17.634129495967798,0.8058568134110993,0.06635732870487587,1.0,0.0,97.429,cuda,False,2026-06-09T23:56:53+00:00
cross_A_train_PAN_test_LG,transformer,recal_affine,0.05,2,2,1463,17177,0.0755522056878668,0.05827284880981406,0.2390161680533102,13.019754427603154,0.9006745256307502,-0.023426284691543352,0.9071214750861906,-0.02718705519859617,0.0,cuda,False,2026-06-09T23:56:53+00:00
cross_A_train_PAN_test_LG,transformer,recal_bias,0.05,2,2,1463,17177,0.08578063430219192,0.06469424682067655,0.30641825300063974,16.115295069403103,0.8719602377761068,-0.024584493343214893,1.0,-0.09094182204809079,0.0,cuda,False,2026-06-09T23:56:53+00:00
cross_A_train_PAN_test_LG,transformer,recal_affine,0.1,2,4,3490,17177,0.07086740752396795,0.05497355265178104,0.23318662112477773,11.814119758914314,0.9126104619335209,-0.007842864878623299,0.8836405994288175,0.004221572874108218,0.0,cuda,False,2026-06-09T23:56:53+00:00
cross_A_train_PAN_test_LG,transformer,recal_bias,0.1,2,4,3490,17177,0.0823903094945702,0.06181710343306351,0.2876855277891316,14.980096991507303,0.8818813102309795,-0.005851768131706743,1.0,-0.07220909683658264,0.0,cuda,False,2026-06-09T23:56:53+00:00
cross_A_train_PAN_test_LG,transformer,recal_affine,0.2,2,8,5525,17177,0.06949738907824977,0.054723986996020685,0.24314588038021923,11.378814734633625,0.9159566547884609,-0.0017012797620603968,0.8536726732250889,0.030560389142011774,0.0,cuda,False,2026-06-09T23:56:54+00:00
cross_A_train_PAN_test_LG,transformer,recal_bias,0.2,2,8,5525,17177,0.08220173539589437,0.0619451172136556,0.2830833817822902,14.752034695412206,0.8824213891601898,0.0017903613469987362,1.0,-0.06456696735787715,0.0,cuda,False,2026-06-09T23:56:54+00:00
cross_A_train_PAN_test_LG,transformer,recal_affine,0.5,2,21,14340,17177,0.06944921413965738,0.05533827659381268,0.25008012882089947,11.392441237812893,0.9160731305225608,0.003532461607542693,0.8403240560930025,0.044790585719581485,0.0,cuda,False,2026-06-09T23:56:54+00:00
cross_A_train_PAN_test_LG,transformer,recal_bias,0.5,2,21,14340,17177,0.08240125212331863,0.062368935475721664,0.28729688945009446,14.689597630887835,0.8818499323951242,0.006003869014803184,1.0,-0.06035345969007271,0.0,cuda,False,2026-06-09T23:56:54+00:00
cross_A_train_PAN_test_LG,transformer,recal_affine,1.0,2,42,27105,17177,0.06936724154269525,0.054903539390987764,0.2456973769924909,11.256763037883951,0.9162711354500599,-0.0011119137181397993,0.8382703675448833,0.04153031759028101,0.0,cuda,False,2026-06-09T23:56:55+00:00
cross_A_train_PAN_test_LG,transformer,recal_bias,1.0,2,42,27105,17177,0.08219069620498518,0.061904465844724345,0.2824722720269204,14.764869031115316,0.8824529672180188,0.0011792515916290173,1.0,-0.06517807711324686,0.0,cuda,False,2026-06-09T23:56:56+00:00
cross_A_train_PAN_test_LG,transformer,recal_affine,0.0,3,0,0,17177,0.09635173431168043,0.07957592448620336,0.3088679313659668,15.825097528581297,0.8384580113478948,0.06843468730296223,1.0,0.0,110.247,cuda,False,2026-06-09T23:58:46+00:00
cross_A_train_PAN_test_LG,transformer,recal_bias,0.0,3,0,0,17177,0.09635173431168043,0.07957592448620336,0.3088679313659668,15.825097528581297,0.8384580113478948,0.06843468730296223,1.0,0.0,110.247,cuda,False,2026-06-09T23:58:46+00:00
cross_A_train_PAN_test_LG,transformer,recal_affine,0.05,3,2,1447,17177,0.07208319447686486,0.05701299134831479,0.2686852381066229,11.954825177489848,0.9095862667353379,0.0426828458038113,0.8782942439266519,0.05652598970473689,0.0,cuda,False,2026-06-09T23:58:46+00:00
cross_A_train_PAN_test_LG,transformer,recal_bias,0.05,3,2,1447,17177,0.08559947756084507,0.0677637336444514,0.2926531663156773,14.152930632659938,0.8725004709812254,0.05221992225267272,1.0,-0.0162147650502895,0.0,cuda,False,2026-06-09T23:58:46+00:00
cross_A_train_PAN_test_LG,transformer,recal_affine,0.1,3,4,3125,17177,0.058459204685558694,0.04519597377355538,0.22552782196918458,9.960935336545916,0.940533530182713,0.001846470359888159,0.8942709144069274,0.004888762769582551,0.0,cuda,False,2026-06-09T23:58:46+00:00
cross_A_train_PAN_test_LG,transformer,recal_bias,0.1,3,4,3125,17177,0.06801634812663267,0.0504212800460023,0.25719076050043105,12.560436638967712,0.9195005388428514,0.0050865837129506096,1.0,-0.0633481035900116,0.0,cuda,False,2026-06-09T23:58:47+00:00
cross_A_train_PAN_test_LG,transformer,recal_affine,0.2,3,8,5079,17177,0.059400217451581465,0.0467065801056743,0.22072846152707098,9.51247791109351,0.9386036685368279,-0.010497906175598499,0.8423354889622171,0.027654756574071383,0.0,cuda,False,2026-06-09T23:58:47+00:00
cross_A_train_PAN_test_LG,transformer,recal_bias,0.2,3,8,5079,17177,0.06880867279078352,0.052373230848031714,0.2738654058552042,13.436544801492353,0.917614133356609,-0.011588061641822455,1.0,-0.08002274894478471,0.0,cuda,False,2026-06-09T23:58:47+00:00
cross_A_train_PAN_test_LG,transformer,recal_affine,0.5,3,21,13757,17177,0.05814415182895121,0.045039737842048025,0.22974276286296436,9.657294825963822,0.9411727655953818,0.0032313163191571063,0.8747902158035357,0.019443319703389993,0.0,cuda,False,2026-06-09T23:58:47+00:00
cross_A_train_PAN_test_LG,transformer,recal_bias,0.5,3,21,13757,17177,0.06822245057584415,0.05045110737529724,0.2549321087536388,12.493933836235366,0.9190119423889503,0.007345235459742873,1.0,-0.06108945184321938,0.0,cuda,False,2026-06-09T23:58:47+00:00
cross_A_train_PAN_test_LG,transformer,recal_affine,1.0,3,42,27105,17177,0.0580516998904804,0.045238345514345794,0.22620900217452422,9.599125174005643,0.941359693009287,-0.001416764579371528,0.8671198949617529,0.019980674431418887,0.0,cuda,False,2026-06-09T23:58:48+00:00
cross_A_train_PAN_test_LG,transformer,recal_bias,1.0,3,42,27105,17177,0.06782681819242507,0.05061104474646559,0.2619209911667389,12.74426916101318,0.9199485429134633,0.00035635304664277385,1.0,-0.06807833425631944,0.0,cuda,False,2026-06-09T23:58:49+00:00
cross_A_train_PAN_test_LG,transformer,recal_affine,0.0,4,0,0,17177,0.09781234644384709,0.08047372964410064,0.3178439736366272,16.75948045130574,0.83352320463254,0.06275779447585142,1.0,0.0,114.401,cuda,False,2026-06-10T00:00:44+00:00
cross_A_train_PAN_test_LG,transformer,recal_bias,0.0,4,0,0,17177,0.09781234644384709,0.08047372964410064,0.3178439736366272,16.75948045130574,0.83352320463254,0.06275779447585142,1.0,0.0,114.401,cuda,False,2026-06-10T00:00:44+00:00
cross_A_train_PAN_test_LG,transformer,recal_affine,0.05,4,2,1401,17177,0.07241359532807475,0.05719604480556065,0.24797434031097199,12.838941678911702,0.9087555256135006,-0.035236204972130133,0.8820174277462135,-0.01890295993185019,0.0,cuda,False,2026-06-10T00:00:44+00:00
cross_A_train_PAN_test_LG,transformer,recal_bias,0.05,4,2,1401,17177,0.0887598993489074,0.06842991233008197,0.3487441548060554,17.955884396901663,0.8629118377302628,-0.047430005092243155,1.0,-0.11018779956809459,0.0,cuda,False,2026-06-10T00:00:44+00:00
cross_A_train_PAN_test_LG,transformer,recal_affine,0.1,4,4,2067,17177,0.06737586972058457,0.05446107110456253,0.257262531050378,11.34784669087898,0.9210094530469047,0.003698608047876013,0.7579707038843706,0.10318806973428671,0.0,cuda,False,2026-06-10T00:00:44+00:00
cross_A_train_PAN_test_LG,transformer,recal_bias,0.1,4,4,2067,17177,0.075028835762125,0.054169239099621125,0.3005319435760401,13.858069893036816,0.902045866477674,0.0007822061377721597,1.0,-0.06197558833807923,0.0,cuda,False,2026-06-10T00:00:44+00:00
cross_A_train_PAN_test_LG,transformer,recal_affine,0.2,4,8,5549,17177,0.06304524107752628,0.04925619136848341,0.24583717565837426,10.927096250785349,0.930837454028428,0.006245697997181045,0.8638414233009577,0.034763446717655695,0.0,cuda,False,2026-06-10T00:00:44+00:00
cross_A_train_PAN_test_LG,transformer,recal_bias,0.2,4,8,5549,17177,0.07557334185803011,0.054786728811506376,0.2922248345463904,13.705841124369735,0.9006189440957619,0.009089315167421844,1.0,-0.05366847930842959,0.0,cuda,False,2026-06-10T00:00:44+00:00
cross_A_train_PAN_test_LG,transformer,recal_affine,0.5,4,21,14148,17177,0.0630163266740944,0.04925244586602923,0.2346439743774688,10.654929120232435,0.9309008794397765,-0.007270053706391813,0.8462432092358702,0.03304486994803172,0.0,cuda,False,2026-06-10T00:00:44+00:00
cross_A_train_PAN_test_LG,transformer,recal_bias,0.5,4,21,14148,17177,0.07511013682230798,0.05431221470737564,0.30489441563799485,14.024351017552302,0.9018334657496848,-0.003580265924182588,1.0,-0.06633806040003402,0.0,cuda,False,2026-06-10T00:00:45+00:00
cross_A_train_PAN_test_LG,transformer,recal_affine,1.0,4,42,27105,17177,0.06261226636609193,0.049056484575168965,0.240216060985322,10.670422473043214,0.9317841648132515,-0.001537969835052531,0.8474555256898755,0.03796426287071512,0.0,cuda,False,2026-06-10T00:00:45+00:00
cross_A_train_PAN_test_LG,transformer,recal_bias,1.0,4,42,27105,17177,0.07502658085842044,0.054169235375531546,0.30079119089407425,13.866428726624772,0.9020517541825067,0.0005229588197379878,1.0,-0.06223483565611343,0.0,cuda,False,2026-06-10T00:00:46+00:00
cross_B_train_LG_test_PAN,bilstm,recal_affine,0.0,0,0,0,21264,0.09116288195449423,0.06921820386058522,0.3756033182144165,12.971104845176898,0.8839038698444259,-0.05765224258121779,1.0,0.0,50.307,cuda,False,2026-06-10T00:01:38+00:00
cross_B_train_LG_test_PAN,bilstm,recal_bias,0.0,0,0,0,21264,0.09116288195449423,0.06921820386058522,0.3756033182144165,12.971104845176898,0.8839038698444259,-0.05765224258121779,1.0,0.0,50.307,cuda,False,2026-06-10T00:01:38+00:00
cross_B_train_LG_test_PAN,bilstm,recal_affine,0.05,0,2,1893,21264,0.0707773507010787,0.054866266096501824,0.3159256352939821,13.817395501686258,0.9300205933365071,0.002325330798813656,0.9582386134956541,0.0844779045253879,0.0,cuda,False,2026-06-10T00:01:38+00:00
cross_B_train_LG_test_PAN,bilstm,recal_bias,0.05,0,2,1893,21264,0.07061847938058166,0.05507667086820737,0.3176688374001956,12.830514942863758,0.9303344011539642,0.0002822382330031153,1.0,0.057934480814220916,0.0,cuda,False,2026-06-10T00:01:38+00:00
cross_B_train_LG_test_PAN,bilstm,recal_affine,0.1,0,3,3339,21264,0.0826603375849183,0.0631105302599667,0.34485744216441394,11.65349092736242,0.9045499851168888,0.009241269320747278,1.1427381285242466,-0.016847276147506557,0.0,cuda,False,2026-06-10T00:01:38+00:00
cross_B_train_LG_test_PAN,bilstm,recal_bias,0.1,0,3,3339,21264,0.070619340783579,0.05502423262215272,0.3183997638342837,12.78688723562639,0.9303327015840446,-0.000448688201084981,1.0,0.057203554380132825,0.0,cuda,False,2026-06-10T00:01:38+00:00
cross_B_train_LG_test_PAN,bilstm,recal_affine,0.2,0,6,5673,21264,0.07179338441849396,0.055631968462942036,0.31083857770012724,14.687875096391087,0.927997014351753,0.007555595106103385,0.9382962954979372,0.10140781378338397,0.0,cuda,False,2026-06-10T00:01:38+00:00
cross_B_train_LG_test_PAN,bilstm,recal_bias,0.2,0,6,5673,21264,0.07080259144835933,0.05560976013829735,0.31284059774969153,13.149516328307206,0.9299706720705287,0.005110477883507186,1.0,0.062762720464725,0.0,cuda,False,2026-06-10T00:01:38+00:00
cross_B_train_LG_test_PAN,bilstm,recal_affine,0.5,0,16,16494,21264,0.0707907412277426,0.0545791103389144,0.3243673957212495,13.03623869222883,0.9299941117080223,-0.006210286287929782,0.9713086665998978,0.06827442351108928,0.0,cuda,False,2026-06-10T00:01:38+00:00
cross_B_train_LG_test_PAN,bilstm,recal_bias,0.5,0,16,16494,21264,0.07097989883115156,0.05490000959417559,0.32511040985329487,12.446945643456411,0.9296194910224754,-0.007159334220096166,1.0,0.05049290836112159,0.0,cuda,False,2026-06-10T00:01:38+00:00
cross_B_train_LG_test_PAN,bilstm,recal_affine,1.0,0,32,31369,21264,0.07046416505692071,0.05475279285284644,0.31846923985111963,13.17863849181315,0.9306385327089166,-0.0003739596166623871,0.9799187206656929,0.06905945295664197,0.0,cuda,False,2026-06-10T00:01:39+00:00
cross_B_train_LG_test_PAN,bilstm,recal_bias,1.0,0,32,31369,21264,0.07062131465161528,0.05500899569908305,0.3186439764320008,12.772676165194651,0.9303288070142623,-0.0006929007988021168,1.0,0.05695934178241564,0.0,cuda,False,2026-06-10T00:01:39+00:00
cross_B_train_LG_test_PAN,bilstm,recal_affine,0.0,1,0,0,21264,0.09551949443026841,0.0718776810507131,0.4062676429748535,13.435831592196909,0.8725424161528658,-0.06229164103393641,1.0,0.0,70.039,cuda,False,2026-06-10T00:02:49+00:00
cross_B_train_LG_test_PAN,bilstm,recal_bias,0.0,1,0,0,21264,0.09551949443026841,0.0718776810507131,0.4062676429748535,13.435831592196909,0.8725424161528658,-0.06229164103393641,1.0,0.0,70.039,cuda,False,2026-06-10T00:02:49+00:00
cross_B_train_LG_test_PAN,bilstm,recal_affine,0.05,1,2,1678,21264,0.08654116365221559,0.06753572909573746,0.356328959051525,12.437527714179952,0.8953770136632817,0.015196616957090755,1.1594752871660359,-0.015331921067617028,0.0,cuda,False,2026-06-10T00:02:49+00:00
cross_B_train_LG_test_PAN,bilstm,recal_bias,0.05,1,2,1678,21264,0.07253134634421211,0.05779320719629953,0.33984430386497233,13.670853548225065,0.9265091738983556,0.004131698075944757,1.0,0.06642333910988113,0.0,cuda,False,2026-06-10T00:02:49+00:00
cross_B_train_LG_test_PAN,bilstm,recal_affine,0.1,1,3,2319,21264,0.07941712099318443,0.06329220735359221,0.3391003543968173,12.751678726022977,0.9118930983051735,0.012775719570682983,1.1026895814265283,0.015298442768818324,0.0,cuda,False,2026-06-10T00:02:49+00:00
cross_B_train_LG_test_PAN,bilstm,recal_bias,0.1,1,3,2319,21264,0.07259538042945886,0.057936418010387826,0.3388414146951325,13.743033472414876,0.9263793542999729,0.005134587245784572,1.0,0.06742622827972097,0.0,cuda,False,2026-06-10T00:02:49+00:00
cross_B_train_LG_test_PAN,bilstm,recal_affine,0.2,1,6,5323,21264,0.07377771624672375,0.058191279180764256,0.3497865245961497,12.501418110464273,0.9239617581339554,-0.005072911503581353,1.0391432741190871,0.03443597881555302,0.0,cuda,False,2026-06-10T00:02:49+00:00
cross_B_train_LG_test_PAN,bilstm,recal_bias,0.2,1,6,5323,21264,0.07259031448674257,0.0570719678178757,0.349038460214414,13.109809945467802,0.9263896289196121,-0.005062458273496836,1.0,0.057229182760439576,0.0,cuda,False,2026-06-10T00:02:49+00:00
cross_B_train_LG_test_PAN,bilstm,recal_affine,0.5,1,16,16734,21264,0.07238533702037502,0.05706994100782883,0.3425416821147873,13.897545329454891,0.9268047576976124,0.001006451084506215,0.9772940208362301,0.07651376389515303,0.0,cuda,False,2026-06-10T00:02:50+00:00
cross_B_train_LG_test_PAN,bilstm,recal_bias,0.5,1,16,16734,21264,0.0724139428359056,0.057355811200739036,0.3437439598574089,13.410639358447357,0.9267468945057168,0.0002320420835081759,1.0,0.06252368311744459,0.0,cuda,False,2026-06-10T00:02:50+00:00
cross_B_train_LG_test_PAN,bilstm,recal_affine,1.0,1,32,31369,21264,0.07241263677646392,0.05746285515374505,0.3421800596465139,13.544732827731783,0.9267495368710829,0.001758774127294941,0.9980275735387587,0.0651984361528588,0.0,cuda,False,2026-06-10T00:02:50+00:00
cross_B_train_LG_test_PAN,bilstm,recal_bias,1.0,1,32,31369,21264,0.07243428674170839,0.05749993012302081,0.3422437715097265,13.506613871293974,0.9267057294053261,0.001732230431190627,1.0,0.06402387146512704,0.0,cuda,False,2026-06-10T00:02:51+00:00
cross_B_train_LG_test_PAN,bilstm,recal_affine,0.0,2,0,0,21264,0.09540043593825055,0.07245503904780078,0.4047340452671051,13.624762611664867,0.8728599523914985,-0.0620403475572402,1.0,0.0,57.529,cuda,False,2026-06-10T00:03:48+00:00
cross_B_train_LG_test_PAN,bilstm,recal_bias,0.0,2,0,0,21264,0.09540043593825055,0.07245503904780078,0.4047340452671051,13.624762611664867,0.8728599523914985,-0.0620403475572402,1.0,0.0,57.529,cuda,False,2026-06-10T00:03:48+00:00
cross_B_train_LG_test_PAN,bilstm,recal_affine,0.05,2,2,2003,21264,0.09280406885632023,0.0699516767151846,0.28967188812710387,22.08175432803856,0.8796861327657907,0.03999653131343849,0.8186564318087151,0.20763073062922455,0.0,cuda,False,2026-06-10T00:03:48+00:00
cross_B_train_LG_test_PAN,bilstm,recal_bias,0.05,2,2,2003,21264,0.07527008435351548,0.06104304673361776,0.32236275709216977,14.96346502541315,0.9208544581537997,0.020330940617695144,1.0,0.08237128817493536,0.0,cuda,False,2026-06-10T00:03:48+00:00
cross_B_train_LG_test_PAN,bilstm,recal_affine,0.1,2,3,1654,21264,0.08747163152946466,0.0738179136490569,0.2951149593183463,18.293772398799206,0.8931151614830306,0.04880300491536089,1.0053983413834855,0.10769997294458547,0.0,cuda,False,2026-06-10T00:03:48+00:00
cross_B_train_LG_test_PAN,bilstm,recal_bias,0.1,2,3,1654,21264,0.08723015522446903,0.07357112784686315,0.29414617945918725,18.380064156226737,0.893704484657726,0.0485475182506776,1.0,0.11058786580791785,0.0,cuda,False,2026-06-10T00:03:49+00:00
cross_B_train_LG_test_PAN,bilstm,recal_affine,0.2,2,6,6420,21264,0.07293554234040986,0.056802905224268355,0.3509991530581589,12.867051995292117,0.9256878058425166,-0.007151606622640291,1.0050878376600783,0.051926163430427524,0.0,cuda,False,2026-06-10T00:03:49+00:00
cross_B_train_LG_test_PAN,bilstm,recal_bias,0.2,2,6,6420,21264,0.07281460971253369,0.056690976200927445,0.34974557231194875,12.954274056519127,0.9259340319831437,-0.007051874602083865,1.0,0.05498847295515634,0.0,cuda,False,2026-06-10T00:03:49+00:00
cross_B_train_LG_test_PAN,bilstm,recal_affine,0.5,2,16,13221,21264,0.07309551848586386,0.05807583691633248,0.3369892910864069,13.681829259295656,0.9253614569676054,0.0077339808330924315,1.0089493049375706,0.06456327189494564,0.0,cuda,False,2026-06-10T00:03:49+00:00
cross_B_train_LG_test_PAN,bilstm,recal_bias,0.5,2,16,13221,21264,0.07286513114023005,0.05782978968879594,0.33513797908766657,13.829010379871132,0.9258312169958125,0.007555718622198369,1.0,0.06959606617943853,0.0,cuda,False,2026-06-10T00:03:49+00:00
cross_B_train_LG_test_PAN,bilstm,recal_affine,1.0,2,32,31369,21264,0.07230065226226326,0.05672779520996126,0.33789333551558187,13.675582189070498,0.9269759220734345,0.0014207781414799694,0.9850978948652819,0.07213841542109872,0.0,cuda,False,2026-06-10T00:03:49+00:00
cross_B_train_LG_test_PAN,bilstm,recal_bias,1.0,2,32,31369,21264,0.07248247086840565,0.05698247412404677,0.34148120812055405,13.389912237416834,0.9266081845762999,0.0012124895893108447,1.0,0.06325283714655106,0.0,cuda,False,2026-06-10T00:03:50+00:00
cross_B_train_LG_test_PAN,bilstm,recal_affine,0.0,3,0,0,21264,0.09137715943662006,0.06940800567249367,0.3917158842086792,13.213579639146863,0.8833574627488048,-0.058160393640393375,1.0,0.0,49.0,cuda,False,2026-06-10T00:04:39+00:00
cross_B_train_LG_test_PAN,bilstm,recal_bias,0.0,3,0,0,21264,0.09137715943662006,0.06940800567249367,0.3917158842086792,13.213579639146863,0.8833574627488048,-0.058160393640393375,1.0,0.0,49.0,cuda,False,2026-06-10T00:04:39+00:00
cross_B_train_LG_test_PAN,bilstm,recal_affine,0.05,3,2,1330,21264,0.087104402665169,0.07063432558707299,0.3203771448640744,14.602224677641088,0.8940107387978581,0.03806772876536491,1.1091760925621366,0.03223279541487468,0.0,cuda,False,2026-06-10T00:04:39+00:00
cross_B_train_LG_test_PAN,bilstm,recal_bias,0.05,3,2,1330,21264,0.07628942852433937,0.06287502600570488,0.3043506446301489,15.5138523387422,0.918696287932921,0.029204845938136905,1.0,0.0873652395785303,0.0,cuda,False,2026-06-10T00:04:39+00:00
cross_B_train_LG_test_PAN,bilstm,recal_affine,0.1,3,3,3393,21264,0.07072943021093506,0.05469733627610359,0.3360850989744766,12.975626118310272,0.9301153217260849,-0.00830508282744417,0.97346408697507,0.06540976409277821,0.0,cuda,False,2026-06-10T00:04:39+00:00
cross_B_train_LG_test_PAN,bilstm,recal_bias,0.1,3,3,3393,21264,0.0710324511587512,0.05518756440276641,0.34241298679015364,12.504545159164246,0.9295152353433853,-0.008857496221867829,1.0,0.04930289741852555,0.0,cuda,False,2026-06-10T00:04:39+00:00
cross_B_train_LG_test_PAN,bilstm,recal_affine,0.2,3,6,6204,21264,0.07188633570311011,0.05495643071042678,0.31343104489928725,14.73401292860254,0.9278104483429408,0.002846741564593421,0.920616105285171,0.10753928506365673,0.0,cuda,False,2026-06-10T00:04:39+00:00
cross_B_train_LG_test_PAN,bilstm,recal_bias,0.2,3,6,6204,21264,0.0705209777504286,0.05518286158445519,0.33601606460222117,12.790705887547164,0.9305266403629203,-0.002460574033935326,1.0,0.05569981960645804,0.0,cuda,False,2026-06-10T00:04:39+00:00
cross_B_train_LG_test_PAN,bilstm,recal_affine,0.5,3,16,15670,21264,0.07024405570229618,0.05497621695883774,0.3295898859781174,13.241061756165507,0.9310711856129483,0.0002001156129477932,0.9826991376451851,0.06850168867859407,0.0,cuda,False,2026-06-10T00:04:39+00:00
cross_B_train_LG_test_PAN,bilstm,recal_bias,0.5,3,16,15670,21264,0.07047814768394968,0.05533137586928933,0.33343130256303116,12.932480919729366,0.9306110023534897,0.00012418800525470044,1.0,0.05828458164564804,0.0,cuda,False,2026-06-10T00:04:40+00:00
cross_B_train_LG_test_PAN,bilstm,recal_affine,1.0,3,32,31369,21264,0.07024282908558555,0.05492280688575863,0.3270599938127446,13.436808708672748,0.9310735928913014,0.0010672076029137726,0.9750592594959443,0.07384701842975223,0.0,cuda,False,2026-06-10T00:04:40+00:00
cross_B_train_LG_test_PAN,bilstm,recal_bias,1.0,3,32,31369,21264,0.07048157403852127,0.05537747420924331,0.3328495156058522,12.96653268674742,0.9306042553802404,0.0007059749624336435,1.0,0.058866368602826985,0.0,cuda,False,2026-06-10T00:04:40+00:00
cross_B_train_LG_test_PAN,bilstm,recal_affine,0.0,4,0,0,21264,0.09289708606379314,0.07047559394577534,0.3766236901283264,13.191720806515233,0.8794448315261022,-0.06012348285361149,1.0,0.0,69.945,cuda,False,2026-06-10T00:05:51+00:00
cross_B_train_LG_test_PAN,bilstm,recal_bias,0.0,4,0,0,21264,0.09289708606379314,0.07047559394577534,0.3766236901283264,13.191720806515233,0.8794448315261022,-0.06012348285361149,1.0,0.0,69.945,cuda,False,2026-06-10T00:05:51+00:00
cross_B_train_LG_test_PAN,bilstm,recal_affine,0.05,4,2,2214,21264,0.07666836511315234,0.05899942671658778,0.34785483117626925,11.976838930539326,0.9178865960175553,-0.028536905929345463,1.0140469974045043,0.023380278413450983,0.0,cuda,False,2026-06-10T00:05:51+00:00
cross_B_train_LG_test_PAN,bilstm,recal_bias,0.05,4,2,2214,21264,0.0762901178180001,0.05848916285213401,0.34487531375890396,12.12201278482329,0.9186948187284039,-0.028375106484189016,1.0,0.031748376369422474,0.0,cuda,False,2026-06-10T00:05:51+00:00
cross_B_train_LG_test_PAN,bilstm,recal_affine,0.1,4,3,2730,21264,0.08037003171788464,0.06314230805200444,0.32633844906906373,12.24004843670657,0.9097660579771849,0.013808396263286572,1.117884141243727,0.005063606070381921,0.0,cuda,False,2026-06-10T00:05:51+00:00
cross_B_train_LG_test_PAN,bilstm,recal_bias,0.1,4,3,2730,21264,0.07114297787183939,0.056618346062485427,0.30969668673180833,13.379949345112987,0.9292957156671043,0.0068035205429065725,1.0,0.06692700339651807,0.0,cuda,False,2026-06-10T00:05:51+00:00
cross_B_train_LG_test_PAN,bilstm,recal_affine,0.2,4,6,5501,21264,0.07425493758799441,0.05925647553192727,0.28448990903852656,15.909053093808364,0.9229748902103868,0.020039717494336445,0.9403237945494641,0.11502622066592641,0.0,cuda,False,2026-06-10T00:05:51+00:00
cross_B_train_LG_test_PAN,bilstm,recal_bias,0.2,4,6,5501,21264,0.0731433722206494,0.05938891739812505,0.298199456166818,14.385239408515915,0.9252636971520264,0.018300751107896952,1.0,0.07842423396150842,0.0,cuda,False,2026-06-10T00:05:51+00:00
cross_B_train_LG_test_PAN,bilstm,recal_affine,0.5,4,16,16836,21264,0.07070309457052938,0.05525323197287128,0.3125154713512529,13.339058063914283,0.9301673542423996,-0.0012938066258915393,0.9736852040475117,0.0742028598782032,0.0,cuda,False,2026-06-10T00:05:51+00:00
cross_B_train_LG_test_PAN,bilstm,recal_bias,0.5,4,16,16836,21264,0.0708440423836179,0.05563184954041793,0.31846054718314354,12.804244877170042,0.9298886516024538,-0.0019603399084286346,1.0,0.058163142945182864,0.0,cuda,False,2026-06-10T00:05:51+00:00
cross_B_train_LG_test_PAN,bilstm,recal_affine,1.0,4,32,31369,21264,0.07066271725106428,0.0554132078155113,0.3139082380206999,13.181260648058025,0.9302470919097748,-0.0007250308565484006,0.9834639618289052,0.06905885567697852,0.0,cuda,False,2026-06-10T00:05:52+00:00
cross_B_train_LG_test_PAN,bilstm,recal_bias,1.0,4,32,31369,21264,0.07082387101049378,0.05569112690416907,0.317492828156917,12.859409636641427,0.9299285714258606,-0.0009926208822020758,1.0,0.05913086197140941,0.0,cuda,False,2026-06-10T00:05:52+00:00
cross_B_train_LG_test_PAN,cnn_bilstm_attn,recal_affine,0.0,0,0,0,21264,0.09545612186891177,0.07513374531434175,0.299979031085968,13.887014616888424,0.8727114839258389,-0.0606502348832517,1.0,0.0,50.769,cuda,False,2026-06-10T00:06:43+00:00
cross_B_train_LG_test_PAN,cnn_bilstm_attn,recal_bias,0.0,0,0,0,21264,0.09545612186891177,0.07513374531434175,0.299979031085968,13.887014616888424,0.8727114839258389,-0.0606502348832517,1.0,0.0,50.769,cuda,False,2026-06-10T00:06:43+00:00
cross_B_train_LG_test_PAN,cnn_bilstm_attn,recal_affine,0.05,0,2,1893,21264,0.07283762341185855,0.05791625188095583,0.2307770408365747,14.470732235757202,0.9258872061801614,-7.9244798131894e-05,0.9382673609087084,0.09660286738355738,0.0,cuda,False,2026-06-10T00:06:43+00:00
cross_B_train_LG_test_PAN,cnn_bilstm_attn,recal_bias,0.05,0,2,1893,21264,0.07378655106088575,0.058520025659936026,0.2426506791930947,13.10475934911371,0.9239435460234968,-0.0033218829903783704,1.0,0.05732835189287334,0.0,cuda,False,2026-06-10T00:06:43+00:00
cross_B_train_LG_test_PAN,cnn_bilstm_attn,recal_affine,0.1,0,3,3339,21264,0.08804295749087461,0.06857601903726973,0.2695410686926379,12.562985730578259,0.8917143527782901,0.009197774801472372,1.1358439053269047,-0.009440855987148424,0.0,cuda,False,2026-06-10T00:06:43+00:00
cross_B_train_LG_test_PAN,cnn_bilstm_attn,recal_bias,0.1,0,3,3339,21264,0.07371177535299436,0.05876630115829434,0.2394037283811965,13.288235886308266,0.9240976199948733,-7.493217848018366e-05,1.0,0.06057530270477154,0.0,cuda,False,2026-06-10T00:06:43+00:00
cross_B_train_LG_test_PAN,cnn_bilstm_attn,recal_affine,0.2,0,6,5673,21264,0.07415605854194524,0.05840873201881053,0.22868855715128533,15.521892468576839,0.9231798893315073,0.0026011894728492735,0.9015003466266359,0.1207433358721332,0.0,cuda,False,2026-06-10T00:06:43+00:00
cross_B_train_LG_test_PAN,cnn_bilstm_attn,recal_bias,0.2,0,6,5673,21264,0.07373893758791653,0.05860087520844217,0.241331470848212,13.176228101626922,0.9240416707758117,-0.0020026746454956915,1.0,0.058647560237756004,0.0,cuda,False,2026-06-10T00:06:43+00:00
cross_B_train_LG_test_PAN,cnn_bilstm_attn,recal_affine,0.5,0,16,16494,21264,0.0734926837343176,0.058036084298914145,0.23972927152323187,14.123969490738048,0.9245481548351272,-0.008940673684411482,0.932627513306531,0.0910332837800143,0.0,cuda,False,2026-06-10T00:06:43+00:00
cross_B_train_LG_test_PAN,cnn_bilstm_attn,recal_bias,0.5,0,16,16494,21264,0.07459709245959838,0.058710943185614914,0.2507876788954981,12.775813832310332,0.9222634160349001,-0.011458882692781797,1.0,0.04919135219046993,0.0,cuda,False,2026-06-10T00:06:43+00:00
cross_B_train_LG_test_PAN,cnn_bilstm_attn,recal_affine,1.0,0,32,31369,21264,0.07276750589463295,0.05783758750854619,0.23286510209216904,14.14733108195329,0.9260298276327714,-0.0023078538817622035,0.9469970152508378,0.0892789661053358,0.0,cuda,False,2026-06-10T00:06:44+00:00
cross_B_train_LG_test_PAN,cnn_bilstm_attn,recal_bias,1.0,0,32,31369,21264,0.07378499682472589,0.058521785493057185,0.24261597517044498,13.106581794166575,0.9239467500883102,-0.003287178967728679,1.0,0.05736305591552303,0.0,cuda,False,2026-06-10T00:06:44+00:00
cross_B_train_LG_test_PAN,cnn_bilstm_attn,recal_affine,0.0,1,0,0,21264,0.09720128164040236,0.07806936864362031,0.31598925590515137,13.981373490736981,0.8680146787341014,-0.057698411713554006,1.0,0.0,48.756,cuda,False,2026-06-10T00:07:33+00:00
cross_B_train_LG_test_PAN,cnn_bilstm_attn,recal_bias,0.0,1,0,0,21264,0.09720128164040236,0.07806936864362031,0.31598925590515137,13.981373490736981,0.8680146787341014,-0.057698411713554006,1.0,0.0,48.756,cuda,False,2026-06-10T00:07:33+00:00
cross_B_train_LG_test_PAN,cnn_bilstm_attn,recal_affine,0.05,1,2,1678,21264,0.09647116102121817,0.07421369892417781,0.27507823449864605,13.235565474810834,0.8699900289069304,0.019898089333091763,1.1362322623235246,-0.002321172941713257,0.0,cuda,False,2026-06-10T00:07:33+00:00
cross_B_train_LG_test_PAN,cnn_bilstm_attn,recal_bias,0.05,1,2,1678,21264,0.07882166665535262,0.06339993971036866,0.2486020519006309,13.952180893170757,0.9132093624812448,0.009688792290966468,1.0,0.06738720400452046,0.0,cuda,False,2026-06-10T00:07:33+00:00
cross_B_train_LG_test_PAN,cnn_bilstm_attn,recal_affine,0.1,1,3,2319,21264,0.08768198039069963,0.06922618292731729,0.2621868909832608,13.403590910559801,0.8926004771909689,0.016024094195606704,1.080594779611468,0.02644334301265839,0.0,cuda,False,2026-06-10T00:07:33+00:00
cross_B_train_LG_test_PAN,cnn_bilstm_attn,recal_bias,0.1,1,3,2319,21264,0.07881839487835936,0.06339449724677494,0.24862870504278828,13.950135050689166,0.9132165674473343,0.00966213914880912,1.0,0.0673605508623631,0.0,cuda,False,2026-06-10T00:07:33+00:00
cross_B_train_LG_test_PAN,cnn_bilstm_attn,recal_affine,0.2,1,6,5323,21264,0.07723313950349836,0.06174613157517541,0.26771413796779187,13.979128651493426,0.9166723700614731,-0.013741082117352095,0.9317917018401929,0.08397023434185676,0.0,cuda,False,2026-06-10T00:07:33+00:00
cross_B_train_LG_test_PAN,cnn_bilstm_attn,recal_bias,0.2,1,6,5323,21264,0.07953756879269418,0.0626024029413352,0.27268676066754705,12.770382033573007,0.911625641367798,-0.014395916475949662,1.0,0.043302495237604335,0.0,cuda,False,2026-06-10T00:07:33+00:00
cross_B_train_LG_test_PAN,cnn_bilstm_attn,recal_affine,0.5,1,16,16734,21264,0.07719850702275108,0.061577550649946945,0.2561594784156407,15.61547079136394,0.9167470839868915,-0.0024643346872046624,0.8842430760725872,0.12314034203688631,0.0,cuda,False,2026-06-10T00:07:33+00:00
cross_B_train_LG_test_PAN,cnn_bilstm_attn,recal_bias,0.5,1,16,16734,21264,0.07856215513064338,0.06190775763925638,0.26557299912686455,12.968897033390862,0.9137799186269476,-0.007282154935267207,1.0,0.050416256778286796,0.0,cuda,False,2026-06-10T00:07:33+00:00
cross_B_train_LG_test_PAN,cnn_bilstm_attn,recal_affine,1.0,1,32,31369,21264,0.07641728099799669,0.06118535658958219,0.2569897838074582,15.026308258088495,0.9184235478893769,-0.0031669790955030186,0.9060848881055003,0.10962467680965716,0.0,cuda,False,2026-06-10T00:07:33+00:00
cross_B_train_LG_test_PAN,cnn_bilstm_attn,recal_bias,1.0,1,32,31369,21264,0.07838803202902199,0.061838535966196685,0.26336047209835156,13.05515336457222,0.9141616869442216,-0.005069627906754205,1.0,0.05262878380679983,0.0,cuda,False,2026-06-10T00:07:34+00:00
cross_B_train_LG_test_PAN,cnn_bilstm_attn,recal_affine,0.0,2,0,0,21264,0.09705237987583198,0.07857756965188906,0.2960520386695862,14.118616786043306,0.8684187432462759,-0.05504968800344431,1.0,0.0,50.769,cuda,False,2026-06-10T00:08:25+00:00
cross_B_train_LG_test_PAN,cnn_bilstm_attn,recal_bias,0.0,2,0,0,21264,0.09705237987583198,0.07857756965188906,0.2960520386695862,14.118616786043306,0.8684187432462759,-0.05504968800344431,1.0,0.0,50.769,cuda,False,2026-06-10T00:08:25+00:00
cross_B_train_LG_test_PAN,cnn_bilstm_attn,recal_affine,0.05,2,2,2003,21264,0.09859387679384644,0.07403143986268478,0.30525194699217756,23.596028149319086,0.8642057006037672,0.03961820312478235,0.748760320146623,0.24271761310582524,0.0,cuda,False,2026-06-10T00:08:25+00:00
cross_B_train_LG_test_PAN,cnn_bilstm_attn,recal_bias,0.05,2,2,2003,21264,0.08051605698059909,0.06491609200911742,0.2312998179340744,13.969567534405073,0.9094378658633273,0.009702532732067502,1.0,0.06475222073551183,0.0,cuda,False,2026-06-10T00:08:25+00:00
cross_B_train_LG_test_PAN,cnn_bilstm_attn,recal_affine,0.1,2,3,1654,21264,0.09722119516663472,0.08145791342382266,0.21615605368204693,18.667927701750465,0.8679605938014584,0.055190014556392726,1.0013736492129406,0.10943024290685037,0.0,cuda,False,2026-06-10T00:08:25+00:00
cross_B_train_LG_test_PAN,cnn_bilstm_attn,recal_bias,0.1,2,3,1654,21264,0.09708999783891878,0.08137798053834493,0.21665117764415304,18.688285840079057,0.8683167204385416,0.055115981258388305,1.0,0.11016566926183262,0.0,cuda,False,2026-06-10T00:08:25+00:00
cross_B_train_LG_test_PAN,cnn_bilstm_attn,recal_affine,0.2,2,6,6420,21264,0.07909745704385726,0.06313684215247559,0.25878862549064907,14.807514428611238,0.9126009536585177,-0.01693290723253422,0.8865891992013669,0.1049471378916217,0.0,cuda,False,2026-06-10T00:08:25+00:00
cross_B_train_LG_test_PAN,cnn_bilstm_attn,recal_bias,0.2,2,6,6420,21264,0.08256733868228053,0.06532001768674825,0.26170667694806127,12.821460510552942,0.9047646407402921,-0.02070432628191938,1.0,0.03434536172152494,0.0,cuda,False,2026-06-10T00:08:25+00:00
cross_B_train_LG_test_PAN,cnn_bilstm_attn,recal_affine,0.5,2,16,13221,21264,0.07694105677645698,0.06173569142880621,0.23705073334198168,15.369473913552783,0.917301440415891,0.004653949725165583,0.9066614659683718,0.114705873128861,0.0,cuda,False,2026-06-10T00:08:25+00:00
cross_B_train_LG_test_PAN,cnn_bilstm_attn,recal_bias,0.5,2,16,13221,21264,0.08018560414177106,0.06435074396457607,0.23459650791951003,13.741434370984107,0.9101797080113836,0.006405842746631841,1.0,0.06145553075007615,0.0,cuda,False,2026-06-10T00:08:25+00:00
cross_B_train_LG_test_PAN,cnn_bilstm_attn,recal_affine,1.0,2,32,31369,21264,0.07810444595152144,0.06231297154054576,0.2470042019887808,15.730129216458,0.9147816417404909,-0.00502454607395925,0.8701181390996847,0.12656151312469913,0.0,cuda,False,2026-06-10T00:08:25+00:00
cross_B_train_LG_test_PAN,cnn_bilstm_attn,recal_bias,1.0,2,32,31369,21264,0.08033286009603681,0.06360814006181197,0.24904424850951112,13.031864002933824,0.9098495061541644,-0.008041897843369296,1.0,0.04700779016007501,0.0,cuda,False,2026-06-10T00:08:25+00:00
cross_B_train_LG_test_PAN,cnn_bilstm_attn,recal_affine,0.0,3,0,0,21264,0.10092032375662399,0.08272591544850606,0.303101122379303,14.75516621073118,0.8577216167937619,-0.05664185441061966,1.0,0.0,37.545,cuda,False,2026-06-10T00:09:03+00:00
cross_B_train_LG_test_PAN,cnn_bilstm_attn,recal_bias,0.0,3,0,0,21264,0.10092032375662399,0.08272591544850606,0.303101122379303,14.75516621073118,0.8577216167937619,-0.05664185441061966,1.0,0.0,37.545,cuda,False,2026-06-10T00:09:03+00:00
cross_B_train_LG_test_PAN,cnn_bilstm_attn,recal_affine,0.05,3,2,1330,21264,0.10362796235662745,0.0815382242458305,0.2295068092697754,15.932266049759864,0.8499846952497293,0.042838347201327946,1.0890335452169277,0.04715655259107384,0.0,cuda,False,2026-06-10T00:09:03+00:00
cross_B_train_LG_test_PAN,cnn_bilstm_attn,recal_bias,0.05,3,2,1330,21264,0.09059638280948021,0.07384951051755005,0.2113723401736496,16.54032122168475,0.8853422625342802,0.03508692779503373,1.0,0.09172878220565336,0.0,cuda,False,2026-06-10T00:09:03+00:00
cross_B_train_LG_test_PAN,cnn_bilstm_attn,recal_affine,0.1,3,3,3393,21264,0.0806449410258852,0.06508797088969034,0.2596012652220179,15.234432979962984,0.9091477037148977,-0.013213900334010644,0.890278773959627,0.10790943583147582,0.0,cuda,False,2026-06-10T00:09:03+00:00
cross_B_train_LG_test_PAN,cnn_bilstm_attn,recal_bias,0.1,3,3,3393,21264,0.08510486530888632,0.06705311919641253,0.2627757021126901,13.248665274323432,0.8988209893056635,-0.016316434144006728,1.0,0.04032542026661295,0.0,cuda,False,2026-06-10T00:09:03+00:00
cross_B_train_LG_test_PAN,cnn_bilstm_attn,recal_affine,0.2,3,6,6204,21264,0.0864339584429736,0.0669249924226455,0.25415695352906387,18.14594321820377,0.8956360622253046,-0.007835460841694097,0.7897604297112706,0.17236096459363748,0.0,cuda,False,2026-06-10T00:09:03+00:00
cross_B_train_LG_test_PAN,cnn_bilstm_attn,recal_bias,0.2,3,6,6204,21264,0.08780129090636432,0.06986595898726387,0.2735231665931618,13.32380201993666,0.8923079972437032,-0.027063898624478486,1.0,0.029577955786141176,0.0,cuda,False,2026-06-10T00:09:03+00:00
cross_B_train_LG_test_PAN,cnn_bilstm_attn,recal_affine,0.5,3,16,15670,21264,0.08018267282401016,0.0646419920337922,0.25271112954617425,15.896970341409784,0.9101862749508606,-0.006333659506282634,0.8751796313843498,0.12366321117588534,0.0,cuda,False,2026-06-10T00:09:03+00:00
cross_B_train_LG_test_PAN,cnn_bilstm_attn,recal_bias,0.5,3,16,15670,21264,0.08389705709860744,0.06590579830460103,0.25433988429857957,13.396950328440948,0.9016724755013855,-0.007880616329896256,1.0,0.04876123808072339,0.0,cuda,False,2026-06-10T00:09:04+00:00
cross_B_train_LG_test_PAN,cnn_bilstm_attn,recal_affine,1.0,3,32,31369,21264,0.08029773677484203,0.06466409433457,0.25123953669332244,16.127371890845694,0.9099283205407144,-0.0048661026154596925,0.8690209147077348,0.12875015140161944,0.0,cuda,False,2026-06-10T00:09:04+00:00
cross_B_train_LG_test_PAN,cnn_bilstm_attn,recal_bias,1.0,3,32,31369,21264,0.08389783615152707,0.06590647817899159,0.25434817377624075,13.396721318553627,0.9016706493896398,-0.00788890580755744,1.0,0.048752948603062236,0.0,cuda,False,2026-06-10T00:09:04+00:00
cross_B_train_LG_test_PAN,cnn_bilstm_attn,recal_affine,0.0,4,0,0,21264,0.09397722485356397,0.07435552260198647,0.3171229362487793,13.906613913632683,0.8766250801443134,-0.05762563872083102,1.0,0.0,50.732,cuda,False,2026-06-10T00:09:55+00:00
cross_B_train_LG_test_PAN,cnn_bilstm_attn,recal_bias,0.0,4,0,0,21264,0.09397722485356397,0.07435552260198647,0.3171229362487793,13.906613913632683,0.8766250801443134,-0.05762563872083102,1.0,0.0,50.732,cuda,False,2026-06-10T00:09:55+00:00
cross_B_train_LG_test_PAN,cnn_bilstm_attn,recal_affine,0.05,4,2,2214,21264,0.08164498044080908,0.064539429254617,0.29496811322773503,12.820881720571787,0.9068805011789776,-0.03310377207797326,1.0076287036505553,0.020046099507438637,0.0,cuda,False,2026-06-10T00:09:55+00:00
cross_B_train_LG_test_PAN,cnn_bilstm_attn,recal_bias,0.05,4,2,2214,21264,0.08123260113769766,0.06417287316283009,0.29247806365614337,12.876204077856086,0.9078187970902842,-0.03298076612819512,1.0,0.024644872592635918,0.0,cuda,False,2026-06-10T00:09:55+00:00
cross_B_train_LG_test_PAN,cnn_bilstm_attn,recal_affine,0.1,4,3,2730,21264,0.08554426648520225,0.06758197710135656,0.2789215269702297,13.107327103245273,0.897773506387257,0.013875321448226698,1.1073205424265256,0.00853590362068485,0.0,cuda,False,2026-06-10T00:09:55+00:00
cross_B_train_LG_test_PAN,cnn_bilstm_attn,recal_bias,0.1,4,3,2730,21264,0.07460711615545823,0.05996167605554082,0.2520664679753038,13.852916853772227,0.9222425235255362,0.007430829552644513,1.0,0.0650564682734755,0.0,cuda,False,2026-06-10T00:09:55+00:00
cross_B_train_LG_test_PAN,cnn_bilstm_attn,recal_affine,0.2,4,6,5501,21264,0.07688598878510744,0.06146868717273282,0.2310333617466352,16.953595837025883,0.9174197755168694,0.020881804857235495,0.9072198030294867,0.1329416666702305,0.0,cuda,False,2026-06-10T00:09:55+00:00
cross_B_train_LG_test_PAN,cnn_bilstm_attn,recal_bias,0.2,4,6,5501,21264,0.0764264057260839,0.06274155156204055,0.24133164480049552,14.776894143189335,0.9184040651918761,0.018165652727452748,1.0,0.07579129144828377,0.0,cuda,False,2026-06-10T00:09:55+00:00
cross_B_train_LG_test_PAN,cnn_bilstm_attn,recal_affine,0.5,4,16,16836,21264,0.07428984870461136,0.0580082498864785,0.23967204164500167,14.94425381907635,0.9229024461466018,-0.0054849297121180186,0.9051642013733054,0.10778095539889555,0.0,cuda,False,2026-06-10T00:09:55+00:00
cross_B_train_LG_test_PAN,cnn_bilstm_attn,recal_bias,0.5,4,16,16836,21264,0.07472208911661592,0.05863451940658011,0.2680052966321979,12.947462410209628,0.9220026832458814,-0.00850799910424962,1.0,0.0491176396165814,0.0,cuda,False,2026-06-10T00:09:55+00:00
cross_B_train_LG_test_PAN,cnn_bilstm_attn,recal_affine,1.0,4,32,31369,21264,0.07350006793630465,0.05776623153571264,0.2422308087884944,14.48409655342828,0.9245329919746441,-0.004810664936172904,0.9264661492211824,0.09595734865364204,0.0,cuda,False,2026-06-10T00:09:56+00:00
cross_B_train_LG_test_PAN,cnn_bilstm_attn,recal_bias,1.0,4,32,31369,21264,0.07451134231728918,0.05856848656952079,0.26589538948810826,13.028743432323198,0.9224420313573907,-0.006398091960160002,1.0,0.05122754676067102,0.0,cuda,False,2026-06-10T00:09:56+00:00
cross_B_train_LG_test_PAN,gru,recal_affine,0.0,0,0,0,21264,0.09025519100128708,0.07356785768989903,0.31555265188217163,13.425138802419928,0.8862042531526881,-0.051311934748216007,1.0,0.0,21.001,cuda,False,2026-06-10T00:10:17+00:00
cross_B_train_LG_test_PAN,gru,recal_bias,0.0,0,0,0,21264,0.09025519100128708,0.07356785768989903,0.31555265188217163,13.425138802419928,0.8862042531526881,-0.051311934748216007,1.0,0.0,21.001,cuda,False,2026-06-10T00:10:17+00:00
cross_B_train_LG_test_PAN,gru,finetune,0.0,0,0,0,21264,0.09025519100128708,0.07356785768989903,0.31555265188217163,13.425138802419928,0.8862042531526881,-0.051311932504177094,1.0,0.0,21.001,cuda,False,2026-06-10T00:10:17+00:00
cross_B_train_LG_test_PAN,gru,recal_affine,0.05,0,2,1893,21264,0.07262979883202916,0.05833586573808482,0.2625527494538432,14.249167189894296,0.9263095287632883,0.0004997223782766126,0.9299714158036123,0.09333962876158834,0.0,cuda,False,2026-06-10T00:10:17+00:00
cross_B_train_LG_test_PAN,gru,recal_bias,0.05,0,2,1893,21264,0.07431769916942503,0.05937992787945499,0.2674086115077508,12.731611552251126,0.9228446292246438,-0.0031678943737951425,1.0,0.04814404037442084,0.0,cuda,False,2026-06-10T00:10:17+00:00
cross_B_train_LG_test_PAN,gru,finetune,0.05,0,2,1893,21264,0.03678589269839656,0.02945256021828233,0.182153582572937,5.957326232311097,0.9810964116829153,-0.006522465497255325,1.0,0.0,0.71,cuda,False,2026-06-10T00:10:18+00:00
cross_B_train_LG_test_PAN,gru,recal_affine,0.1,0,3,3339,21264,0.08985469322907261,0.06749711787411897,0.28574492935997786,12.26116029400427,0.8872119254122821,0.01589597564362447,1.1272430150985957,-0.008249053109802203,0.0,cuda,False,2026-06-10T00:10:18+00:00
cross_B_train_LG_test_PAN,gru,recal_bias,0.1,0,3,3339,21264,0.0745244351090467,0.05951040818155831,0.2578527148445947,13.184602481615308,0.9224147727007586,0.006388002289360891,1.0,0.05769993703757692,0.0,cuda,False,2026-06-10T00:10:18+00:00
cross_B_train_LG_test_PAN,gru,finetune,0.1,0,3,3339,21264,0.0862909077900454,0.06805158382477176,0.2857557237148285,12.843363384907653,0.8959812269146857,0.015400577336549759,1.0,0.0,0.332,cuda,False,2026-06-10T00:10:18+00:00
cross_B_train_LG_test_PAN,gru,recal_affine,0.2,0,6,5673,21264,0.07906510977285139,0.06099328259110601,0.26135351034286647,17.340708192330553,0.912672423530275,0.006027585278352188,0.8293684946836032,0.1585264909492008,0.0,cuda,False,2026-06-10T00:10:18+00:00
cross_B_train_LG_test_PAN,gru,recal_bias,0.2,0,6,5673,21264,0.07427539651798067,0.05933636189397735,0.2661771243301866,12.779502498886822,0.9229324400118932,-0.0019364071962309434,1.0,0.04937552755198507,0.0,cuda,False,2026-06-10T00:10:18+00:00
cross_B_train_LG_test_PAN,gru,finetune,0.2,0,6,5673,21264,0.041439855517460246,0.03566443569155128,0.18510288000106812,8.466665576037332,0.976010670130794,0.01569330506026745,1.0,0.0,0.991,cuda,False,2026-06-10T00:10:20+00:00
cross_B_train_LG_test_PAN,gru,recal_affine,0.5,0,16,16494,21264,0.07466479983477554,0.05953535747807342,0.27430912240409966,14.803097687059106,0.9221222381821621,-0.009437233691072643,0.8876857698633746,0.10847867737417402,0.0,cuda,False,2026-06-10T00:10:20+00:00
cross_B_train_LG_test_PAN,gru,recal_bias,0.5,0,16,16494,21264,0.07554197511363475,0.06060497660859425,0.27815132995278485,12.470651392882731,0.9202816460704561,-0.013910612818829268,1.0,0.03740132192938678,0.0,cuda,False,2026-06-10T00:10:20+00:00
cross_B_train_LG_test_PAN,gru,finetune,0.5,0,16,16494,21264,0.02294482265360051,0.015894316024013127,0.14473557472229004,3.8401635444088233,0.9926455354017122,-0.0007887862739153206,1.0,0.0,2.991,cuda,False,2026-06-10T00:10:23+00:00
cross_B_train_LG_test_PAN,gru,recal_affine,1.0,0,32,31369,21264,0.07312711840510193,0.05858293327046191,0.2658708891451854,14.608744200315135,0.9252969090500919,-0.0019355327650547687,0.9094520154423953,0.1030726772609536,0.0,cuda,False,2026-06-10T00:10:23+00:00
cross_B_train_LG_test_PAN,gru,recal_bias,1.0,0,32,31369,21264,0.07433934750559275,0.05940291481850476,0.267881284738553,12.714381282361305,0.9227996728092859,-0.003640567604597367,1.0,0.04767136714361864,0.0,cuda,False,2026-06-10T00:10:23+00:00
cross_B_train_LG_test_PAN,gru,finetune,1.0,0,32,31369,21264,0.02398827778690238,0.017257168537609845,0.13868403434753418,4.498803042505549,0.9919614116382521,0.0006315749487839639,1.0,0.0,8.73,cuda,False,2026-06-10T00:10:32+00:00
cross_B_train_LG_test_PAN,gru,recal_affine,0.0,1,0,0,21264,0.08962519760928009,0.06737584707592077,0.33201974630355835,12.910919830333276,0.8877873280505765,-0.05890472892842111,1.0,0.0,33.843,cuda,False,2026-06-10T00:11:06+00:00
cross_B_train_LG_test_PAN,gru,recal_bias,0.0,1,0,0,21264,0.08962519760928009,0.06737584707592077,0.33201974630355835,12.910919830333276,0.8877873280505765,-0.05890472892842111,1.0,0.0,33.843,cuda,False,2026-06-10T00:11:06+00:00
cross_B_train_LG_test_PAN,gru,finetune,0.0,1,0,0,21264,0.08962519760928009,0.06737584707592077,0.33201974630355835,12.910919830333276,0.8877873280505765,-0.0589047372341156,1.0,0.0,33.843,cuda,False,2026-06-10T00:11:06+00:00
cross_B_train_LG_test_PAN,gru,recal_affine,0.05,1,2,1678,21264,0.07951281453896993,0.06287770367884345,0.3032789712756998,11.955011990227224,0.9116806418135691,0.012998850607049294,1.14072814723692,-0.010481744116658104,0.0,cuda,False,2026-06-10T00:11:06+00:00
cross_B_train_LG_test_PAN,gru,recal_bias,0.05,1,2,1678,21264,0.06763209454362842,0.0542181131031359,0.2697696839109578,12.994864814352312,0.9361019909651862,0.0033453334641794555,1.0,0.06225006239260053,0.0,cuda,False,2026-06-10T00:11:06+00:00
cross_B_train_LG_test_PAN,gru,finetune,0.05,1,2,1678,21264,0.04466820152339203,0.030754479277245506,0.20102914050221443,5.368494106476935,0.9721273292368084,0.014967529103159904,1.0,0.0,0.632,cuda,False,2026-06-10T00:11:07+00:00
cross_B_train_LG_test_PAN,gru,recal_affine,0.1,1,3,2319,21264,0.07304427813031912,0.058870657674312245,0.28995464597832543,12.202738303316348,0.9254660643378507,0.010052139665622213,1.0876780081268094,0.01762825226158801,0.0,cuda,False,2026-06-10T00:11:07+00:00
cross_B_train_LG_test_PAN,gru,recal_bias,0.1,1,3,2319,21264,0.06764825527629108,0.05426426551485156,0.2694574928633249,13.016824006594204,0.936071450375737,0.003657524511812363,1.0,0.06256225344023349,0.0,cuda,False,2026-06-10T00:11:07+00:00
cross_B_train_LG_test_PAN,gru,finetune,0.1,1,3,2319,21264,0.05463337838300049,0.04231315353647732,0.20156414434313774,8.38478864627421,0.9583036763420668,0.03496169298887253,1.0,0.0,0.705,cuda,False,2026-06-10T00:11:08+00:00
cross_B_train_LG_test_PAN,gru,recal_affine,0.2,1,6,5323,21264,0.06841523055736322,0.05346023052452365,0.2838838338890437,12.232418939896364,0.934613628001019,-0.010876710288738281,0.9996482227880304,0.048233956684278594,0.0,cuda,False,2026-06-10T00:11:08+00:00
cross_B_train_LG_test_PAN,gru,recal_bias,0.2,1,6,5323,21264,0.06841972186682971,0.05346856615104297,0.28399386768032125,12.22685690227159,0.9346050427761047,-0.01087885030518399,1.0,0.048025878623237116,0.0,cuda,False,2026-06-10T00:11:08+00:00
cross_B_train_LG_test_PAN,gru,finetune,0.2,1,6,5323,21264,0.05167231647584937,0.04008709558792429,0.23333775997161865,7.822188204763761,0.9627009720216843,-0.00530261592939496,1.0,0.0,0.517,cuda,False,2026-06-10T00:11:08+00:00
cross_B_train_LG_test_PAN,gru,recal_affine,0.5,1,16,16734,21264,0.06832070360619802,0.053222899466009624,0.2614971233209412,13.853160430327796,0.9347941873431916,0.0006459302679448905,0.947287549026775,0.09040967652297784,0.0,cuda,False,2026-06-10T00:11:09+00:00
cross_B_train_LG_test_PAN,gru,recal_bias,0.5,1,16,16734,21264,0.06756048490028081,0.05368430954924902,0.27434390450963464,12.69742865283745,0.9362372312311937,-0.0012288871344973778,1.0,0.05767584179392372,0.0,cuda,False,2026-06-10T00:11:09+00:00
cross_B_train_LG_test_PAN,gru,finetune,0.5,1,16,16734,21264,0.02745880678310159,0.018705204929147363,0.16477280855178833,4.89258899163731,0.9894671724550919,-0.002733689034357667,1.0,0.0,8.067,cuda,False,2026-06-10T00:11:17+00:00
cross_B_train_LG_test_PAN,gru,recal_affine,1.0,1,32,31369,21264,0.06768434272420801,0.053234964151880185,0.263633859410006,13.351646440265034,0.9360032258947577,-0.00034375133127416424,0.967899393326013,0.07735337216917097,0.0,cuda,False,2026-06-10T00:11:17+00:00
cross_B_train_LG_test_PAN,gru,recal_bias,1.0,1,32,31369,21264,0.06755476813728602,0.0537167053488309,0.2739739362949072,12.71967316014693,0.9362480215982355,-0.000858918919769939,1.0,0.05804581000865116,0.0,cuda,False,2026-06-10T00:11:17+00:00
cross_B_train_LG_test_PAN,gru,finetune,1.0,1,32,31369,21264,0.022323669442977315,0.01590711440949892,0.1235281229019165,4.144445487350832,0.993038339865005,0.0008651792304590344,1.0,0.0,14.143,cuda,False,2026-06-10T00:11:32+00:00
cross_B_train_LG_test_PAN,gru,recal_affine,0.0,2,0,0,21264,0.09212097662765445,0.07519987072712238,0.3317597508430481,13.765556786402577,0.8814507752466829,-0.052198136704143465,1.0,0.0,29.1,cuda,False,2026-06-10T00:12:01+00:00
cross_B_train_LG_test_PAN,gru,recal_bias,0.0,2,0,0,21264,0.09212097662765445,0.07519987072712238,0.3317597508430481,13.765556786402577,0.8814507752466829,-0.052198136704143465,1.0,0.0,29.1,cuda,False,2026-06-10T00:12:01+00:00
cross_B_train_LG_test_PAN,gru,finetune,0.0,2,0,0,21264,0.09212097662765445,0.07519987072712238,0.3317597508430481,13.765556786402577,0.8814507752466829,-0.0521981343626976,1.0,0.0,29.1,cuda,False,2026-06-10T00:12:01+00:00
cross_B_train_LG_test_PAN,gru,recal_affine,0.05,2,2,2003,21264,0.09486035580661416,0.07119428410620614,0.3126526195475475,22.724273464678987,0.874295405968139,0.037675876126454545,0.7609125520127127,0.23144447626628484,0.0,cuda,False,2026-06-10T00:12:01+00:00
cross_B_train_LG_test_PAN,gru,recal_bias,0.05,2,2,2003,21264,0.07644317884384341,0.061168241074571965,0.27051005447753,13.489569481419734,0.9183682459382061,0.009051559661374631,1.0,0.06124969636551809,0.0,cuda,False,2026-06-10T00:12:01+00:00
cross_B_train_LG_test_PAN,gru,finetune,0.05,2,2,2003,21264,0.042338989657882346,0.031106958100242867,0.16166634112596512,9.670294332675477,0.9749583678561202,0.004240571986883879,1.0,0.0,0.736,cuda,False,2026-06-10T00:12:02+00:00
cross_B_train_LG_test_PAN,gru,recal_affine,0.1,2,3,1654,21264,0.09159414154681178,0.07537681378984117,0.2554311854029519,17.75970147267324,0.8828028516507737,0.05131697924696403,0.9994766975666024,0.10382497817364063,0.0,cuda,False,2026-06-10T00:12:02+00:00
cross_B_train_LG_test_PAN,gru,recal_bias,0.1,2,3,1654,21264,0.09163925970697481,0.07540380039214517,0.2553315915825001,17.751652576790995,0.8826873634338689,0.05134320851090208,1.0,0.10354134521504556,0.0,cuda,False,2026-06-10T00:12:02+00:00
cross_B_train_LG_test_PAN,gru,finetune,0.1,2,3,1654,21264,0.08384093540687675,0.052506698770245344,0.23015844821929932,9.520291818870158,0.9018039809799927,0.039830148220062256,1.0,0.0,0.314,cuda,False,2026-06-10T00:12:02+00:00
cross_B_train_LG_test_PAN,gru,recal_affine,0.2,2,6,6420,21264,0.074037402107333,0.05966220436665729,0.27910713211275584,14.067822064127897,0.9234255309700429,-0.009256414927870656,0.9200462881113873,0.090284583732272,0.0,cuda,False,2026-06-10T00:12:02+00:00
cross_B_train_LG_test_PAN,gru,recal_bias,0.2,2,6,6420,21264,0.07672016445532061,0.06131941748046471,0.290713061336602,12.664753719654687,0.9177756022023235,-0.011151447197697383,1.0,0.04104668950644609,0.0,cuda,False,2026-06-10T00:12:02+00:00
cross_B_train_LG_test_PAN,gru,finetune,0.2,2,6,6420,21264,0.05007049902801879,0.03705669590166894,0.21792055666446686,8.268817477055535,0.96497763330863,-0.016139330342411995,1.0,0.0,0.867,cuda,False,2026-06-10T00:12:03+00:00
cross_B_train_LG_test_PAN,gru,recal_affine,0.5,2,16,13221,21264,0.0736954378382758,0.059420506245961166,0.2629029415842289,14.628831430103803,0.9241312623490623,0.006546639634794317,0.9311574867384991,0.09950838224361211,0.0,cuda,False,2026-06-10T00:12:03+00:00
cross_B_train_LG_test_PAN,gru,recal_bias,0.5,2,16,13221,21264,0.07632003088947993,0.06105062262381665,0.27161691430047413,13.422203685995504,0.9186310473101678,0.007944699838430479,1.0,0.06014283654257395,0.0,cuda,False,2026-06-10T00:12:03+00:00
cross_B_train_LG_test_PAN,gru,finetune,0.5,2,16,13221,21264,0.023306955739661232,0.016652719905365893,0.12560221552848816,4.157458074490932,0.9924115556407059,0.0015179072506725788,1.0,0.0,6.08,cuda,False,2026-06-10T00:12:10+00:00
cross_B_train_LG_test_PAN,gru,recal_affine,1.0,2,32,31369,21264,0.07380610859964318,0.05924634219960008,0.27115039387559814,14.854197762678298,0.9239032223017054,-0.0006626556018430406,0.9024012289532438,0.10932648336594684,0.0,cuda,False,2026-06-10T00:12:10+00:00
cross_B_train_LG_test_PAN,gru,recal_bias,1.0,2,32,31369,21264,0.07594260794602968,0.0606577259324515,0.28193876415435526,12.916803736559167,0.9194338397995063,-0.002377150015450609,1.0,0.049820986688692837,0.0,cuda,False,2026-06-10T00:12:10+00:00
cross_B_train_LG_test_PAN,gru,finetune,1.0,2,32,31369,21264,0.0255346306104334,0.018377920059435365,0.15184634923934937,4.674234649224948,0.9908916269315982,0.0012601689668372273,1.0,0.0,5.664,cuda,False,2026-06-10T00:12:16+00:00
cross_B_train_LG_test_PAN,gru,recal_affine,0.0,3,0,0,21264,0.08941654232292204,0.06875708662435984,0.3283776640892029,12.961453788586464,0.8883092016569983,-0.057728777722258644,1.0,0.0,33.829,cuda,False,2026-06-10T00:12:50+00:00
cross_B_train_LG_test_PAN,gru,recal_bias,0.0,3,0,0,21264,0.08941654232292204,0.06875708662435984,0.3283776640892029,12.961453788586464,0.8883092016569983,-0.057728777722258644,1.0,0.0,33.829,cuda,False,2026-06-10T00:12:50+00:00
cross_B_train_LG_test_PAN,gru,finetune,0.0,3,0,0,21264,0.08941654232292204,0.06875708662435984,0.3283776640892029,12.961453788586464,0.8883092016569983,-0.057728782296180725,1.0,0.0,33.829,cuda,False,2026-06-10T00:12:50+00:00
cross_B_train_LG_test_PAN,gru,recal_affine,0.05,3,2,1330,21264,0.08367581845945993,0.06816094970453819,0.2552766968794611,14.105568865966786,0.9021903760271424,0.03567670993950227,1.101139741252301,0.034077144045533164,0.0,cuda,False,2026-06-10T00:12:50+00:00
cross_B_train_LG_test_PAN,gru,recal_bias,0.05,3,2,1330,21264,0.07366068905380779,0.061118718697141965,0.2430229773646907,15.02303850022104,0.924202792553546,0.027625909002253556,1.0,0.0853546867245122,0.0,cuda,False,2026-06-10T00:12:50+00:00
cross_B_train_LG_test_PAN,gru,finetune,0.05,3,2,1330,21264,0.049623665212188105,0.041812271701748026,0.15181607007980347,8.792087792441976,0.9655999298979471,0.02331383153796196,1.0,0.0,0.52,cuda,False,2026-06-10T00:12:50+00:00
cross_B_train_LG_test_PAN,gru,recal_affine,0.1,3,3,3393,21264,0.06860868575714699,0.05367022421984025,0.2789644945286962,13.189050426780435,0.934243323974273,-0.00689625425503177,0.9522252344983182,0.07885709292699891,0.0,cuda,False,2026-06-10T00:12:50+00:00
cross_B_train_LG_test_PAN,gru,recal_bias,0.1,3,3,3393,21264,0.06873287473995376,0.05428108223348383,0.27849119510463194,12.256424857448968,0.934005055436963,-0.007842308737687717,1.0,0.04988646898457093,0.0,cuda,False,2026-06-10T00:12:50+00:00
cross_B_train_LG_test_PAN,gru,finetune,0.1,3,3,3393,21264,0.03101228218926211,0.021963449774914056,0.17882418632507324,4.467156093218947,0.9865646462626948,8.962260471889749e-05,1.0,0.0,1.071,cuda,False,2026-06-10T00:12:52+00:00
cross_B_train_LG_test_PAN,gru,recal_affine,0.2,3,6,6204,21264,0.06985683674659968,0.054083439734154574,0.2715195931476616,14.537860182439955,0.9318290284713621,0.0016458932469676907,0.9152924611579065,0.10906392179271848,0.0,cuda,False,2026-06-10T00:12:52+00:00
cross_B_train_LG_test_PAN,gru,recal_bias,0.2,3,6,6204,21264,0.068410698321242,0.054251722927307046,0.27481030212591573,12.418573931523028,0.9346222908867159,-0.004161415758971479,1.0,0.05356736196328716,0.0,cuda,False,2026-06-10T00:12:52+00:00
cross_B_train_LG_test_PAN,gru,finetune,0.2,3,6,6204,21264,0.03600476827480628,0.0284029980522263,0.14408457279205322,7.949000109779947,0.9818906988234908,0.01968168281018734,1.0,0.0,1.81,cuda,False,2026-06-10T00:12:54+00:00
cross_B_train_LG_test_PAN,gru,recal_affine,0.5,3,16,15670,21264,0.0679789581571399,0.05395230138554132,0.2714541256161963,13.112250730225448,0.9354448848897208,-3.939814583415609e-05,0.9742221591428981,0.0728106027585115,0.0,cuda,False,2026-06-10T00:12:54+00:00
cross_B_train_LG_test_PAN,gru,recal_bias,0.5,3,16,15670,21264,0.06828419887335087,0.054416029683210694,0.270808736591742,12.628299146798957,0.9348638495312468,-0.00015985022479772913,1.0,0.05756892749746095,0.0,cuda,False,2026-06-10T00:12:54+00:00
cross_B_train_LG_test_PAN,gru,finetune,0.5,3,16,15670,21264,0.02976666019137386,0.021700515115018332,0.16440731287002563,5.602533676434997,0.9876222453301152,0.001113558653742075,1.0,0.0,1.646,cuda,False,2026-06-10T00:12:56+00:00
cross_B_train_LG_test_PAN,gru,recal_affine,1.0,3,32,31369,21264,0.06803624018677394,0.0539617897713971,0.2703777168388153,13.355748134771087,0.9353360451516334,0.0012759350020387092,0.9661800804767959,0.07884340107471048,0.0,cuda,False,2026-06-10T00:12:56+00:00
cross_B_train_LG_test_PAN,gru,recal_bias,1.0,3,32,31369,21264,0.06828856883504593,0.05448583995720402,0.2698599821535944,12.683405488117067,0.934855512270349,0.0007889042133498428,1.0,0.05851768193560847,0.0,cuda,False,2026-06-10T00:12:56+00:00
cross_B_train_LG_test_PAN,gru,finetune,1.0,3,32,31369,21264,0.021715239992408212,0.015392054836956002,0.1300795078277588,4.023912585988942,0.9934126472834441,0.0009641252690926194,1.0,0.0,6.129,cuda,False,2026-06-10T00:13:02+00:00
cross_B_train_LG_test_PAN,gru,recal_affine,0.0,4,0,0,21264,0.0904397745222324,0.0696983689243784,0.3498591482639313,13.33566461808076,0.8857383232006769,-0.05934004409494827,1.0,0.0,33.772,cuda,False,2026-06-10T00:13:36+00:00
cross_B_train_LG_test_PAN,gru,recal_bias,0.0,4,0,0,21264,0.0904397745222324,0.0696983689243784,0.3498591482639313,13.33566461808076,0.8857383232006769,-0.05934004409494827,1.0,0.0,33.772,cuda,False,2026-06-10T00:13:36+00:00
cross_B_train_LG_test_PAN,gru,finetune,0.0,4,0,0,21264,0.0904397745222324,0.0696983689243784,0.3498591482639313,13.33566461808076,0.8857383232006769,-0.05934004858136177,1.0,0.0,33.772,cuda,False,2026-06-10T00:13:36+00:00
cross_B_train_LG_test_PAN,gru,recal_affine,0.05,4,2,2214,21264,0.07313569139159927,0.057233196194167196,0.32147184224045244,11.969082681999122,0.9252793925351791,-0.024864126808667925,1.01901469182196,0.023352579775234684,0.0,cuda,False,2026-06-10T00:13:36+00:00
cross_B_train_LG_test_PAN,gru,recal_bias,0.05,4,2,2214,21264,0.07258738736895487,0.056607227357794554,0.3152338127978314,12.16494405365967,0.9263955653006255,-0.024714708628848423,1.0,0.03462533546609984,0.0,cuda,False,2026-06-10T00:13:36+00:00
cross_B_train_LG_test_PAN,gru,finetune,0.05,4,2,2214,21264,0.03314979463304438,0.022693937537495112,0.19274261593818665,4.666542485256588,0.9846487644450452,-0.006298210006207228,1.0,0.0,0.81,cuda,False,2026-06-10T00:13:37+00:00
cross_B_train_LG_test_PAN,gru,recal_affine,0.1,4,3,2730,21264,0.07750349128958739,0.06104095453077282,0.3100275515442643,12.392178946102673,0.9160879783727719,0.015571151718134507,1.1095533508723783,0.010823967440960768,0.0,cuda,False,2026-06-10T00:13:37+00:00
cross_B_train_LG_test_PAN,gru,recal_bias,0.1,4,3,2730,21264,0.06882026550292238,0.05519356724843859,0.28168072414485523,13.406908703270487,0.93383712953421,0.008838380024127752,1.0,0.06817842411907601,0.0,cuda,False,2026-06-10T00:13:37+00:00
cross_B_train_LG_test_PAN,gru,finetune,0.1,4,3,2730,21264,0.06399521760475851,0.04990916991759823,0.2838040292263031,10.822071198156872,0.9427893750966352,-0.019875377416610718,1.0,0.0,0.261,cuda,False,2026-06-10T00:13:37+00:00
cross_B_train_LG_test_PAN,gru,recal_affine,0.2,4,6,5501,21264,0.07151557814688368,0.05712185704736081,0.2537107658463543,15.533829438979737,0.9285531708926041,0.019385282900719846,0.9435374793603262,0.1117551378219545,0.0,cuda,False,2026-06-10T00:13:37+00:00
cross_B_train_LG_test_PAN,gru,recal_bias,0.2,4,6,5501,21264,0.07050977779292988,0.057286355953448616,0.2728126990576535,14.161602265755183,0.9305487057656486,0.01770640511132953,1.0,0.07704644920627782,0.0,cuda,False,2026-06-10T00:13:38+00:00
cross_B_train_LG_test_PAN,gru,finetune,0.2,4,6,5501,21264,0.053024133575492904,0.04276882719786024,0.2284395396709442,9.863678061966494,0.960723858787237,-0.00445940624922514,1.0,0.0,0.456,cuda,False,2026-06-10T00:13:38+00:00
cross_B_train_LG_test_PAN,gru,recal_affine,0.5,4,16,16836,21264,0.06845930355152406,0.053618097110866174,0.2769752514761659,13.633977931769284,0.9345293572506344,-0.0008208460441869801,0.9551391429326115,0.08476219261873236,0.0,cuda,False,2026-06-10T00:13:38+00:00
cross_B_train_LG_test_PAN,gru,recal_bias,0.5,4,16,16836,21264,0.06827841369901654,0.05407042173756104,0.2924760903243306,12.729029011238415,0.9348748859944258,-0.0019569861553475646,1.0,0.05738305793960071,0.0,cuda,False,2026-06-10T00:13:38+00:00
cross_B_train_LG_test_PAN,gru,finetune,0.5,4,16,16836,21264,0.02533511375929767,0.017828544586030746,0.15857329964637756,4.698559511131813,0.9910334088304346,0.0006542004994116724,1.0,0.0,1.975,cuda,False,2026-06-10T00:13:40+00:00
cross_B_train_LG_test_PAN,gru,recal_affine,1.0,4,32,31369,21264,0.06824269993855692,0.053736798589576765,0.2784026272527942,13.533958014513445,0.9349429969627902,0.0008517889061336817,0.9648204554804882,0.08077139068412884,0.0,cuda,False,2026-06-10T00:13:41+00:00
cross_B_train_LG_test_PAN,gru,recal_bias,1.0,4,32,31369,21264,0.06825115546998187,0.05417552489219336,0.29019010485925373,12.850447151070005,0.9349268743412259,0.00032899930972925983,1.0,0.05966904340467753,0.0,cuda,False,2026-06-10T00:13:41+00:00
cross_B_train_LG_test_PAN,gru,finetune,1.0,4,32,31369,21264,0.02126748995935433,0.014960253428481379,0.1386720836162567,3.8443672312188886,0.9936814980462825,0.0010193494381383061,1.0,0.0,8.131,cuda,False,2026-06-10T00:13:49+00:00
cross_B_train_LG_test_PAN,linear,recal_affine,0.0,0,0,0,21264,0.08669883877457651,0.06719978060398148,0.45786668360233307,13.271217303214705,0.8949954271566962,-0.03551498128373128,1.0,0.0,0.111,cpu,False,2026-06-10T00:13:49+00:00
cross_B_train_LG_test_PAN,linear,recal_bias,0.0,0,0,0,21264,0.08669883877457651,0.06719978060398148,0.45786668360233307,13.271217303214705,0.8949954271566962,-0.03551498128373128,1.0,0.0,0.111,cpu,False,2026-06-10T00:13:49+00:00
cross_B_train_LG_test_PAN,linear,recal_affine,0.05,0,2,1893,21264,0.0821808246458906,0.06519365366734377,0.3708304584196327,16.492010981376684,0.9056541848800853,0.021230606367388345,0.9650095573746568,0.07804817277733136,0.0,cpu,False,2026-06-10T00:13:49+00:00
cross_B_train_LG_test_PAN,linear,recal_bias,0.05,0,2,1893,21264,0.08163376932193019,0.06427626652992044,0.40213543301811305,15.593072499503933,0.9069060729186904,0.020216269300488723,1.0,0.05573125058421998,0.0,cpu,False,2026-06-10T00:13:49+00:00
cross_B_train_LG_test_PAN,linear,recal_affine,0.1,0,3,3339,21264,0.09279679645520163,0.06506896854306318,0.5829459534007218,12.228989874484807,0.8797049883274226,-0.004136827868427645,1.1807328909654036,-0.07865411557086459,0.0,cpu,False,2026-06-10T00:13:49+00:00
cross_B_train_LG_test_PAN,linear,recal_bias,0.1,0,3,3339,21264,0.08031410180362983,0.062304895561363295,0.4363152333637061,13.465343202165911,0.9098916027976508,-0.013963531045104284,1.0,0.021551450238626993,0.0,cpu,False,2026-06-10T00:13:49+00:00
cross_B_train_LG_test_PAN,linear,recal_affine,0.2,0,6,5673,21264,0.10892238101039459,0.08315349323492463,0.3082348107889641,25.14548004132561,0.8342643622233655,0.03351453005039537,0.7325330363617463,0.23186648434304943,0.0,cpu,False,2026-06-10T00:13:49+00:00
cross_B_train_LG_test_PAN,linear,recal_bias,0.2,0,6,5673,21264,0.08438438619506092,0.06715417606734363,0.392934872369728,16.541715277289338,0.9005268564651067,0.02941682994887379,1.0,0.06493181123260508,0.0,cpu,False,2026-06-10T00:13:49+00:00
cross_B_train_LG_test_PAN,linear,recal_affine,0.5,0,16,16494,21264,0.08585861433734727,0.06739329076037402,0.3201692062776569,17.928025203198942,0.8970208265792083,0.006514578916116807,0.8652748106714095,0.12405180967658325,0.0,cpu,False,2026-06-10T00:13:49+00:00
cross_B_train_LG_test_PAN,linear,recal_bias,0.5,0,16,16494,21264,0.07916803764785368,0.06154521226789458,0.4188583606897672,14.24906991812724,0.912444907435507,0.003493341628834658,1.0,0.03900832291256591,0.0,cpu,False,2026-06-10T00:13:49+00:00
cross_B_train_LG_test_PAN,linear,recal_affine,1.0,0,32,31369,21264,0.08280906776503746,0.06532555579849947,0.32979359049312107,16.900395445264405,0.9042061909836452,0.00646813593716356,0.9005525598859806,0.10252786600547699,0.0,cpu,False,2026-06-10T00:13:49+00:00
cross_B_train_LG_test_PAN,linear,recal_bias,1.0,0,32,31369,21264,0.07928228107577001,0.06168882489386436,0.4168466734084892,14.380728538588617,0.9121920323782362,0.005505028910112618,1.0,0.04102001019384389,0.0,cpu,False,2026-06-10T00:13:49+00:00
cross_B_train_LG_test_PAN,linear,recal_affine,0.0,1,0,0,21264,0.08669883877457651,0.06719978060398148,0.45786668360233307,13.271217303214705,0.8949954271566962,-0.03551498128373128,1.0,0.0,0.124,cpu,False,2026-06-10T00:13:50+00:00
cross_B_train_LG_test_PAN,linear,recal_bias,0.0,1,0,0,21264,0.08669883877457651,0.06719978060398148,0.45786668360233307,13.271217303214705,0.8949954271566962,-0.03551498128373128,1.0,0.0,0.124,cpu,False,2026-06-10T00:13:50+00:00
cross_B_train_LG_test_PAN,linear,recal_affine,0.05,1,2,1678,21264,0.09334828173663795,0.06980054584723125,0.5291208191514896,13.949294100905416,0.8782709289459627,0.026979423566212458,1.1545005655354357,-0.03156732179373825,0.0,cpu,False,2026-06-10T00:13:50+00:00
cross_B_train_LG_test_PAN,linear,recal_bias,0.05,1,2,1678,21264,0.08043386212180693,0.06298302297601507,0.40771505562089055,15.084671628982942,0.9096226722890869,0.01463664669771125,1.0,0.05015162798144252,0.0,cpu,False,2026-06-10T00:13:50+00:00
cross_B_train_LG_test_PAN,linear,recal_affine,0.1,1,3,2319,21264,0.0858226519701498,0.06611240022042396,0.4647847783399942,14.621307108258547,0.8971070753333271,0.025129180470623597,1.0780450149640426,0.01312945630322095,0.0,cpu,False,2026-06-10T00:13:50+00:00
cross_B_train_LG_test_PAN,linear,recal_bias,0.1,1,3,2319,21264,0.0811792655094054,0.06378906624073692,0.4040569380574722,15.411677534590126,0.9079398058541451,0.018294764261129595,1.0,0.05380974554486088,0.0,cpu,False,2026-06-10T00:13:50+00:00
cross_B_train_LG_test_PAN,linear,recal_affine,0.2,1,6,5323,21264,0.08115580945323737,0.06409118587993044,0.3520262065111155,16.18799449292114,0.9079929981836283,0.006111082594600995,0.9258222697061771,0.08678632180856007,0.0,cpu,False,2026-06-10T00:13:50+00:00
cross_B_train_LG_test_PAN,linear,recal_bias,0.2,1,6,5323,21264,0.07939876488536768,0.061828403687945954,0.41536678170017927,14.483227293356887,0.9119338228456522,0.006984920618422531,1.0,0.042499901902153824,0.0,cpu,False,2026-06-10T00:13:50+00:00
cross_B_train_LG_test_PAN,linear,recal_affine,0.5,1,16,16734,21264,0.08724467892815821,0.06831299750727975,0.3161705503825061,18.534934184309805,0.8936690855899371,0.010330058184558549,0.8552739405715352,0.13395593403362566,0.0,cpu,False,2026-06-10T00:13:50+00:00
cross_B_train_LG_test_PAN,linear,recal_bias,0.5,1,16,16734,21264,0.07933887251900085,0.06175702026725012,0.4160841714403344,14.432915892206061,0.912066633536532,0.0062675308782674365,1.0,0.04178251216199872,0.0,cpu,False,2026-06-10T00:13:50+00:00
cross_B_train_LG_test_PAN,linear,recal_affine,1.0,1,32,31369,21264,0.08280906776503746,0.06532555579849947,0.32979359049312107,16.900395445264405,0.9042061909836452,0.00646813593716356,0.9005525598859806,0.10252786600547699,0.0,cpu,False,2026-06-10T00:13:50+00:00
cross_B_train_LG_test_PAN,linear,recal_bias,1.0,1,32,31369,21264,0.07928228107577001,0.06168882489386436,0.4168466734084892,14.380728538588617,0.9121920323782362,0.005505028910112618,1.0,0.04102001019384389,0.0,cpu,False,2026-06-10T00:13:50+00:00
cross_B_train_LG_test_PAN,linear,recal_affine,0.0,2,0,0,21264,0.08669883877457651,0.06719978060398148,0.45786668360233307,13.271217303214705,0.8949954271566962,-0.03551498128373128,1.0,0.0,0.134,cpu,False,2026-06-10T00:13:50+00:00
cross_B_train_LG_test_PAN,linear,recal_bias,0.0,2,0,0,21264,0.08669883877457651,0.06719978060398148,0.45786668360233307,13.271217303214705,0.8949954271566962,-0.03551498128373128,1.0,0.0,0.134,cpu,False,2026-06-10T00:13:50+00:00
cross_B_train_LG_test_PAN,linear,recal_affine,0.05,2,2,2003,21264,0.09725367776150944,0.0748894894172843,0.2974760210842444,22.033302461576614,0.8678723476319242,0.03236047443109643,0.8122823801809281,0.18216010820417022,0.0,cpu,False,2026-06-10T00:13:50+00:00
cross_B_train_LG_test_PAN,linear,recal_bias,0.05,2,2,2003,21264,0.07973058157396425,0.062206849983085795,0.41227247175043125,14.712162441693089,0.9111962071400855,0.0100792305681705,1.0,0.04559421185190179,0.0,cpu,False,2026-06-10T00:13:50+00:00
cross_B_train_LG_test_PAN,linear,recal_affine,0.1,2,3,1654,21264,0.09154022147053549,0.07359885354737539,0.3200431066184842,19.81299548169148,0.8829407953890949,0.04338753210931754,0.9319369196885141,0.12034010187435178,0.0,cpu,False,2026-06-10T00:13:50+00:00
cross_B_train_LG_test_PAN,linear,recal_bias,0.1,2,3,1654,21264,0.09173096913390585,0.07507886312060286,0.37588455318107283,18.664379567838292,0.8824524410182599,0.04646714913752895,1.0,0.08198213042126025,0.0,cpu,False,2026-06-10T00:13:50+00:00
cross_B_train_LG_test_PAN,linear,recal_affine,0.2,2,6,6420,21264,0.07923842868983366,0.062046866334065746,0.4011097741070275,14.515922848689689,0.9122891416924211,-0.001594816347474718,0.9736199741781624,0.04998062898121082,0.0,cpu,False,2026-06-10T00:13:50+00:00
cross_B_train_LG_test_PAN,linear,recal_bias,0.2,2,6,6420,21264,0.07911565911423482,0.061420057620867594,0.42432977405733596,13.937869933782762,0.9125607241316527,-0.001978071738734171,1.0,0.03353690954499713,0.0,cpu,False,2026-06-10T00:13:50+00:00
cross_B_train_LG_test_PAN,linear,recal_affine,0.5,2,16,13221,21264,0.08513786089048837,0.06701748296656945,0.3134588837116167,17.998890613909325,0.8987425188807229,0.013530930936609708,0.8819830603848223,0.12089598652224191,0.0,cpu,False,2026-06-10T00:13:50+00:00
cross_B_train_LG_test_PAN,linear,recal_bias,0.5,2,16,13221,21264,0.08089643053399233,0.06348529116555042,0.40535588742596385,15.292925237969227,0.9085801783343321,0.016995814892637975,1.0,0.05251079617636926,0.0,cpu,False,2026-06-10T00:13:50+00:00
cross_B_train_LG_test_PAN,linear,recal_affine,1.0,2,32,31369,21264,0.08280906776503746,0.06532555579849947,0.32979359049312107,16.900395445264405,0.9042061909836452,0.00646813593716356,0.9005525598859806,0.10252786600547699,0.0,cpu,False,2026-06-10T00:13:50+00:00
cross_B_train_LG_test_PAN,linear,recal_bias,1.0,2,32,31369,21264,0.07928228107577001,0.06168882489386436,0.4168466734084892,14.380728538588617,0.9121920323782362,0.005505028910112618,1.0,0.04102001019384389,0.0,cpu,False,2026-06-10T00:13:50+00:00
cross_B_train_LG_test_PAN,linear,recal_affine,0.0,3,0,0,21264,0.08669883877457651,0.06719978060398148,0.45786668360233307,13.271217303214705,0.8949954271566962,-0.03551498128373128,1.0,0.0,0.134,cpu,False,2026-06-10T00:13:50+00:00
cross_B_train_LG_test_PAN,linear,recal_bias,0.0,3,0,0,21264,0.08669883877457651,0.06719978060398148,0.45786668360233307,13.271217303214705,0.8949954271566962,-0.03551498128373128,1.0,0.0,0.134,cpu,False,2026-06-10T00:13:50+00:00
cross_B_train_LG_test_PAN,linear,recal_affine,0.05,3,2,1330,21264,0.08694104642212513,0.06504033635624114,0.49831219158829854,13.667366517802341,0.8944079121111381,0.019696009711920454,1.110498276435016,-0.012061634425545364,0.0,cpu,False,2026-06-10T00:13:50+00:00
cross_B_train_LG_test_PAN,linear,recal_bias,0.05,3,2,1330,21264,0.08008271914646627,0.06259818308093622,0.4097871825659185,14.910321477457247,0.9104100543888519,0.012564519752683268,1.0,0.04807950103641453,0.0,cpu,False,2026-06-10T00:13:51+00:00
cross_B_train_LG_test_PAN,linear,recal_affine,0.1,3,3,3393,21264,0.08900149203412679,0.06940443803883162,0.31985378113509166,18.822590073087248,0.8893436793305742,0.006293103842947055,0.8359617404908576,0.14167646989006882,0.0,cpu,False,2026-06-10T00:13:51+00:00
cross_B_train_LG_test_PAN,linear,recal_bias,0.1,3,3,3393,21264,0.07926044690886695,0.06166213088464024,0.417170612190348,14.358934465854514,0.9122403899632152,0.005181090128253765,1.0,0.04069607141198502,0.0,cpu,False,2026-06-10T00:13:51+00:00
cross_B_train_LG_test_PAN,linear,recal_affine,0.2,3,6,6204,21264,0.08900758090530941,0.06944573538103593,0.3127543532269502,19.18802673948206,0.8893285381208229,0.013520607813581866,0.842954292362308,0.14464682761405587,0.0,cpu,False,2026-06-10T00:13:51+00:00
cross_B_train_LG_test_PAN,linear,recal_bias,0.2,3,6,6204,21264,0.07919416320997738,0.06157900483388655,0.41830933454064,14.284106413524833,0.9123871112969418,0.004042367777961815,1.0,0.039557349061693094,0.0,cpu,False,2026-06-10T00:13:51+00:00
cross_B_train_LG_test_PAN,linear,recal_affine,0.5,3,16,15670,21264,0.08225733971370738,0.0648897699893709,0.33792030000434525,16.47372761073889,0.9054784203494289,0.0023011790502995865,0.9051266959327632,0.09557612232529351,0.0,cpu,False,2026-06-10T00:13:51+00:00
cross_B_train_LG_test_PAN,linear,recal_bias,0.5,3,16,15670,21264,0.07911799408145861,0.06147567317636258,0.4202823453659492,14.161396597661948,0.9125555628056056,0.0020693569526525654,1.0,0.037584338236383824,0.0,cpu,False,2026-06-10T00:13:51+00:00
cross_B_train_LG_test_PAN,linear,recal_affine,1.0,3,32,31369,21264,0.08280906776503746,0.06532555579849947,0.32979359049312107,16.900395445264405,0.9042061909836452,0.00646813593716356,0.9005525598859806,0.10252786600547699,0.0,cpu,False,2026-06-10T00:13:51+00:00
cross_B_train_LG_test_PAN,linear,recal_bias,1.0,3,32,31369,21264,0.07928228107577001,0.06168882489386436,0.4168466734084892,14.380728538588617,0.9121920323782362,0.005505028910112618,1.0,0.04102001019384389,0.0,cpu,False,2026-06-10T00:13:51+00:00
cross_B_train_LG_test_PAN,linear,recal_affine,0.0,4,0,0,21264,0.08669883877457651,0.06719978060398148,0.45786668360233307,13.271217303214705,0.8949954271566962,-0.03551498128373128,1.0,0.0,0.148,cpu,False,2026-06-10T00:13:51+00:00
cross_B_train_LG_test_PAN,linear,recal_bias,0.0,4,0,0,21264,0.08669883877457651,0.06719978060398148,0.45786668360233307,13.271217303214705,0.8949954271566962,-0.03551498128373128,1.0,0.0,0.148,cpu,False,2026-06-10T00:13:51+00:00
cross_B_train_LG_test_PAN,linear,recal_affine,0.05,4,2,2214,21264,0.08379461283195684,0.06189467501651623,0.512921038064862,12.327593566944572,0.9019124586785563,-0.010507157312472344,1.0924843875612298,-0.03129773809218547,0.0,cpu,False,2026-06-10T00:13:51+00:00
cross_B_train_LG_test_PAN,linear,recal_bias,0.05,4,2,2214,21264,0.07985837224665243,0.06195710269197206,0.43339637834864797,13.555426715895557,0.9109113129220732,-0.011044676030046175,1.0,0.024470305253685112,0.0,cpu,False,2026-06-10T00:13:51+00:00
cross_B_train_LG_test_PAN,linear,recal_affine,0.1,4,3,2730,21264,0.09622517393104499,0.06931626561936273,0.5660535008266512,13.1919131994479,0.8706521957356294,0.020733218979533605,1.1899482650042568,-0.05939449474793353,0.0,cpu,False,2026-06-10T00:13:51+00:00
cross_B_train_LG_test_PAN,linear,recal_bias,0.1,4,3,2730,21264,0.07960410359388283,0.06206394781499333,0.4133273707805099,14.631806038568282,0.9114777256135518,0.009024331538091927,1.0,0.04453931282182316,0.0,cpu,False,2026-06-10T00:13:51+00:00
cross_B_train_LG_test_PAN,linear,recal_affine,0.2,4,6,5501,21264,0.08540707365321036,0.06773907388761816,0.32250156266115326,18.189588412939774,0.8981011378358489,0.02503722087691732,0.9135793315840444,0.11316610205631913,0.0,cpu,False,2026-06-10T00:13:51+00:00
cross_B_train_LG_test_PAN,linear,recal_bias,0.2,4,6,5501,21264,0.08234443972297098,0.06502648515893808,0.39943376166038,15.857823664316998,0.9052781418271852,0.022917940658221756,1.0,0.058432921941953014,0.0,cpu,False,2026-06-10T00:13:51+00:00
cross_B_train_LG_test_PAN,linear,recal_affine,0.5,4,16,16836,21264,0.08358873820282568,0.06584985495716131,0.32576007941705065,16.901987300980135,0.9023938483182448,0.001332174864246085,0.8875759435043615,0.10529221868621905,0.0,cpu,False,2026-06-10T00:13:51+00:00
cross_B_train_LG_test_PAN,linear,recal_bias,0.5,4,16,16836,21264,0.0791043847137575,0.061416019400361524,0.4238107882194039,13.964604987435322,0.9125856434758622,-0.0014590859008020804,1.0,0.0340558953829292,0.0,cpu,False,2026-06-10T00:13:51+00:00
cross_B_train_LG_test_PAN,linear,recal_affine,1.0,4,32,31369,21264,0.08280906776503746,0.06532555579849947,0.32979359049312107,16.900395445264405,0.9042061909836452,0.00646813593716356,0.9005525598859806,0.10252786600547699,0.0,cpu,False,2026-06-10T00:13:51+00:00
cross_B_train_LG_test_PAN,linear,recal_bias,1.0,4,32,31369,21264,0.07928228107577001,0.06168882489386436,0.4168466734084892,14.380728538588617,0.9121920323782362,0.005505028910112618,1.0,0.04102001019384389,0.0,cpu,False,2026-06-10T00:13:51+00:00
cross_B_train_LG_test_PAN,lstm,recal_affine,0.0,0,0,0,21264,0.09382603060693649,0.07063588114494586,0.4067794978618622,13.420355258742314,0.8770217416287361,-0.05833632158720971,1.0,0.0,34.186,cuda,False,2026-06-10T00:14:26+00:00
cross_B_train_LG_test_PAN,lstm,recal_bias,0.0,0,0,0,21264,0.09382603060693649,0.07063588114494586,0.4067794978618622,13.420355258742314,0.8770217416287361,-0.05833632158720971,1.0,0.0,34.186,cuda,False,2026-06-10T00:14:26+00:00
cross_B_train_LG_test_PAN,lstm,finetune,0.0,0,0,0,21264,0.09382603060693649,0.07063588114494586,0.4067794978618622,13.420355258742314,0.8770217416287361,-0.058336324989795685,1.0,0.0,34.186,cuda,False,2026-06-10T00:14:26+00:00
cross_B_train_LG_test_PAN,lstm,recal_affine,0.05,0,2,1893,21264,0.07351903956652943,0.05719418708414565,0.33939230627051165,14.380645699581013,0.9244940282841887,0.0022920827329121407,0.9594347845173217,0.08439922288642562,0.0,cuda,False,2026-06-10T00:14:26+00:00
cross_B_train_LG_test_PAN,lstm,recal_bias,0.05,0,2,1893,21264,0.07348668467216483,0.05759830388476662,0.3481345973078435,13.476066016172233,0.9245604723016183,0.0003085789668089681,1.0,0.05864490055401868,0.0,cuda,False,2026-06-10T00:14:26+00:00
cross_B_train_LG_test_PAN,lstm,finetune,0.05,0,2,1893,21264,0.032119907950930345,0.022223251685710377,0.2227303460240364,5.627438392792484,0.9855878014934978,-0.010223894380033016,1.0,0.0,0.788,cuda,False,2026-06-10T00:14:26+00:00
cross_B_train_LG_test_PAN,lstm,recal_affine,0.1,0,3,3339,21264,0.08434006091075526,0.06539061505703506,0.3755894838407775,12.406192532762926,0.9006313311800325,0.008154946864876203,1.1354652027984795,-0.012890012269699488,0.0,cuda,False,2026-06-10T00:14:27+00:00
cross_B_train_LG_test_PAN,lstm,recal_bias,0.1,0,3,3339,21264,0.07349244607417166,0.05749382474392457,0.3494137569449733,13.399171442364091,0.9245486428256761,-0.0009705806703207959,1.0,0.05736574091688892,0.0,cuda,False,2026-06-10T00:14:27+00:00
cross_B_train_LG_test_PAN,lstm,finetune,0.1,0,3,3339,21264,0.06732412203065216,0.05226848085576975,0.3502722382545471,11.586054286160927,0.9366826036269857,-0.001981331966817379,1.0,0.0,0.364,cuda,False,2026-06-10T00:14:27+00:00
cross_B_train_LG_test_PAN,lstm,recal_affine,0.2,0,6,5673,21264,0.0748662317555169,0.058041811771755124,0.3284214163016541,15.489080165167756,0.9217014715667237,0.00863939469485585,0.9316847709979089,0.10700777070607381,0.0,cuda,False,2026-06-10T00:14:27+00:00
cross_B_train_LG_test_PAN,lstm,recal_bias,0.2,0,6,5673,21264,0.07372996793200924,0.05832428138294204,0.3424506335649439,13.862016066697194,0.9240601489004117,0.0059925427097085775,1.0,0.06432886429691828,0.0,cuda,False,2026-06-10T00:14:27+00:00
cross_B_train_LG_test_PAN,lstm,finetune,0.2,0,6,5673,21264,0.032472546876253464,0.023221550582564015,0.22168764472007751,6.261739145031024,0.9852696062446226,0.003097941866144538,1.0,0.0,0.748,cuda,False,2026-06-10T00:14:28+00:00
cross_B_train_LG_test_PAN,lstm,recal_affine,0.5,0,16,16494,21264,0.07362425716724792,0.056764973451573525,0.34908825630285806,13.713567492767615,0.9242777511891141,-0.006149695451742906,0.9669621336129917,0.07154649193079844,0.0,cuda,False,2026-06-10T00:14:28+00:00
cross_B_train_LG_test_PAN,lstm,recal_bias,0.5,0,16,16494,21264,0.07384235124399889,0.057269281180928354,0.35568853576295056,13.071388535612947,0.9238284689878874,-0.007245359488298076,1.0,0.05109096209891163,0.0,cuda,False,2026-06-10T00:14:28+00:00
cross_B_train_LG_test_PAN,lstm,finetune,0.5,0,16,16494,21264,0.022432687560686386,0.015017965665553816,0.15167108923196793,3.7555203386301734,0.9929701790052361,-0.0011736673768609762,1.0,0.0,3.241,cuda,False,2026-06-10T00:14:32+00:00
cross_B_train_LG_test_PAN,lstm,recal_affine,1.0,0,32,31369,21264,0.07329841517888765,0.057130436819957366,0.3444601886139741,13.895356684948739,0.9249465223200705,-5.554953427147564e-05,0.9757613126477097,0.07248440520219848,0.0,cuda,False,2026-06-10T00:14:32+00:00
cross_B_train_LG_test_PAN,lstm,recal_bias,1.0,0,32,31369,21264,0.0734873198414438,0.05753540645545241,0.34887742775850217,13.431043953789079,0.9245591681993116,-0.0004342514838496801,1.0,0.057902070103360036,0.0,cuda,False,2026-06-10T00:14:32+00:00
cross_B_train_LG_test_PAN,lstm,finetune,1.0,0,32,31369,21264,0.024036295525813028,0.01671187076899815,0.15902847051620483,4.060157298287346,0.9919291974737527,-0.0013137197820469737,1.0,0.0,9.461,cuda,False,2026-06-10T00:14:42+00:00
cross_B_train_LG_test_PAN,lstm,recal_affine,0.0,1,0,0,21264,0.09336026779630675,0.0691195074721128,0.45609062910079956,13.080401788116228,0.8782396665476804,-0.059697211949901755,1.0,0.0,25.876,cuda,False,2026-06-10T00:15:08+00:00
cross_B_train_LG_test_PAN,lstm,recal_bias,0.0,1,0,0,21264,0.09336026779630675,0.0691195074721128,0.45609062910079956,13.080401788116228,0.8782396665476804,-0.059697211949901755,1.0,0.0,25.876,cuda,False,2026-06-10T00:15:08+00:00
cross_B_train_LG_test_PAN,lstm,finetune,0.0,1,0,0,21264,0.09336026779630675,0.0691195074721128,0.45609062910079956,13.080401788116228,0.8782396665476804,-0.05969721078872681,1.0,0.0,25.876,cuda,False,2026-06-10T00:15:08+00:00
cross_B_train_LG_test_PAN,lstm,recal_affine,0.05,1,2,1678,21264,0.08346459546585484,0.06542072523038706,0.3923405274299878,12.383956486809867,0.9026835547346054,0.013505580825159666,1.1326483206027793,-0.004347302775980332,0.0,cuda,False,2026-06-10T00:15:08+00:00
cross_B_train_LG_test_PAN,lstm,recal_bias,0.05,1,2,1678,21264,0.07190770837579179,0.056694074092826834,0.39211135743023817,13.320976911260995,0.927767516316918,0.0042820597206596495,1.0,0.06397927167056144,0.0,cuda,False,2026-06-10T00:15:08+00:00
cross_B_train_LG_test_PAN,lstm,finetune,0.05,1,2,1678,21264,0.03419446960295204,0.025684445720807872,0.18189555406570435,4.8104102939063225,0.9836659682805161,0.009590794332325459,1.0,0.0,0.677,cuda,False,2026-06-10T00:15:08+00:00
cross_B_train_LG_test_PAN,lstm,recal_affine,0.1,1,3,2319,21264,0.0766678575098413,0.06106525446304436,0.39051955129414573,12.744875623313026,0.9178876833212352,0.01111283944735454,1.0735177994088154,0.027829391386273106,0.0,cuda,False,2026-06-10T00:15:08+00:00
cross_B_train_LG_test_PAN,lstm,recal_bias,0.1,1,3,2319,21264,0.07199880357032834,0.0569288146634455,0.39078581274686675,13.419593271597433,0.9275843871306632,0.005607604404031038,1.0,0.0653048163539328,0.0,cuda,False,2026-06-10T00:15:08+00:00
cross_B_train_LG_test_PAN,lstm,finetune,0.1,1,3,2319,21264,0.04597105913331906,0.03618378053258816,0.19675040245056152,8.259397423353818,0.970477667278444,0.0287450160831213,1.0,0.0,0.538,cuda,False,2026-06-10T00:15:09+00:00
cross_B_train_LG_test_PAN,lstm,recal_affine,0.2,1,6,5323,21264,0.07289483808927716,0.05634545714232189,0.405623437398687,12.286384573805952,0.9257707277777439,-0.007645713402092796,1.0222323611428108,0.039053808693044825,0.0,cuda,False,2026-06-10T00:15:09+00:00
cross_B_train_LG_test_PAN,lstm,recal_bias,0.2,1,6,5323,21264,0.07217960471344428,0.055604876872067735,0.40397713973169236,12.609453715371727,0.9272202348369262,-0.00758372258079459,1.0,0.05211348936910717,0.0,cuda,False,2026-06-10T00:15:09+00:00
cross_B_train_LG_test_PAN,lstm,finetune,0.2,1,6,5323,21264,0.032408194285486344,0.023744138793184502,0.22222933173179626,4.918360645325234,0.9853279324186651,0.004046883899718523,1.0,0.0,0.797,cuda,False,2026-06-10T00:15:10+00:00
cross_B_train_LG_test_PAN,lstm,recal_affine,0.5,1,16,16734,21264,0.07162444878664063,0.0554706583494822,0.3928910393264863,13.727576225744823,0.9283354733529579,0.001039806426824786,0.9654430725968118,0.08094001084500439,0.0,cuda,False,2026-06-10T00:15:10+00:00
cross_B_train_LG_test_PAN,lstm,recal_bias,0.5,1,16,16734,21264,0.0717802592071959,0.05608193651993873,0.3965454811032839,13.020282986666887,0.9280233390060737,-0.00015206395238615355,1.0,0.0595451479975156,0.0,cuda,False,2026-06-10T00:15:10+00:00
cross_B_train_LG_test_PAN,lstm,finetune,0.5,1,16,16734,21264,0.02875902212538917,0.01988150643313022,0.1990528702735901,5.165891516305998,0.988446066034447,-0.0025844422634691,1.0,0.0,6.078,cuda,False,2026-06-10T00:15:17+00:00
cross_B_train_LG_test_PAN,lstm,recal_affine,1.0,1,32,31369,21264,0.07157165643884426,0.055821553532404866,0.39424554277691426,13.365424742550545,0.9284410781955428,0.0010472957491035296,0.9845557307785062,0.06977368008807329,0.0,cuda,False,2026-06-10T00:15:17+00:00
cross_B_train_LG_test_PAN,lstm,recal_bias,1.0,1,32,31369,21264,0.07178484421560853,0.05619332163721714,0.3955679653639538,13.08259719004008,0.9280141436050058,0.0008254517869440096,1.0,0.060522663736845776,0.0,cuda,False,2026-06-10T00:15:17+00:00
cross_B_train_LG_test_PAN,lstm,finetune,1.0,1,32,31369,21264,0.023611656981729,0.016306789314754145,0.1505507528781891,4.337363196188738,0.9922118450766378,0.0005154613172635436,1.0,0.0,7.128,cuda,False,2026-06-10T00:15:24+00:00
cross_B_train_LG_test_PAN,lstm,recal_affine,0.0,2,0,0,21264,0.09151259158128093,0.06887323038331587,0.3767199069261551,12.993333309413183,0.8830114494620904,-0.05875185258515555,1.0,0.0,36.943,cuda,False,2026-06-10T00:16:01+00:00
cross_B_train_LG_test_PAN,lstm,recal_bias,0.0,2,0,0,21264,0.09151259158128093,0.06887323038331587,0.3767199069261551,12.993333309413183,0.8830114494620904,-0.05875185258515555,1.0,0.0,36.943,cuda,False,2026-06-10T00:16:01+00:00
cross_B_train_LG_test_PAN,lstm,finetune,0.0,2,0,0,21264,0.09151259158128093,0.06887323038331587,0.3767199069261551,12.993333309413183,0.8830114494620904,-0.05875185504555702,1.0,0.0,36.943,cuda,False,2026-06-10T00:16:01+00:00
cross_B_train_LG_test_PAN,lstm,recal_affine,0.05,2,2,2003,21264,0.08852826339699534,0.06722335394736195,0.27787200677694796,21.017416828501865,0.8905172893912828,0.03728839272634883,0.8363123561167971,0.19189158252251198,0.0,cuda,False,2026-06-10T00:16:01+00:00
cross_B_train_LG_test_PAN,lstm,recal_bias,0.05,2,2,2003,21264,0.07279040478451594,0.0594151320017808,0.29858587714236673,14.581579455022778,0.9259832656041959,0.019382177198632795,1.0,0.07813402978378835,0.0,cuda,False,2026-06-10T00:16:01+00:00
cross_B_train_LG_test_PAN,lstm,finetune,0.05,2,2,2003,21264,0.044726535953685524,0.03610053230840867,0.16150879859924316,10.140673172447363,0.9720544810804062,0.024962350726127625,1.0,0.0,0.798,cuda,False,2026-06-10T00:16:02+00:00
cross_B_train_LG_test_PAN,lstm,recal_affine,0.1,2,3,1654,21264,0.08530678681716804,0.07228141176012198,0.28219195440006656,17.20100115756272,0.8983403010407943,0.04710848845612232,1.0325966903712047,0.0867725450011409,0.0,cuda,False,2026-06-10T00:16:02+00:00
cross_B_train_LG_test_PAN,lstm,recal_bias,0.1,2,3,1654,21264,0.08371142143198704,0.07086040115813608,0.27230813929038583,17.741202109245023,0.9021071248738499,0.04565991505061367,1.0,0.10441176763576925,0.0,cuda,False,2026-06-10T00:16:02+00:00
cross_B_train_LG_test_PAN,lstm,finetune,0.1,2,3,1654,21264,0.030848123244429468,0.023041423734283095,0.19485852122306824,6.1398401152939925,0.9867065059392133,0.0035625798627734184,1.0,0.0,0.457,cuda,False,2026-06-10T00:16:03+00:00
cross_B_train_LG_test_PAN,lstm,recal_affine,0.2,2,6,6420,21264,0.07089422272293186,0.055136049613875256,0.3299952743616589,12.35523194062541,0.9297892937130451,-0.009038208967776422,1.008597646266393,0.04467907978622629,0.0,cuda,False,2026-06-10T00:16:03+00:00
cross_B_train_LG_test_PAN,lstm,recal_bias,0.2,2,6,6420,21264,0.07071895625104418,0.054947598184026364,0.32682223626270285,12.506287372703643,0.9301360179233609,-0.008854181921703345,1.0,0.04989767066345222,0.0,cuda,False,2026-06-10T00:16:03+00:00
cross_B_train_LG_test_PAN,lstm,finetune,0.2,2,6,6420,21264,0.03980863248849904,0.028341220690048192,0.262170672416687,7.01842557499585,0.9778621128618241,-0.007563772611320019,1.0,0.0,0.941,cuda,False,2026-06-10T00:16:04+00:00
cross_B_train_LG_test_PAN,lstm,recal_affine,0.5,2,16,13221,21264,0.07085493967112332,0.056601091943933514,0.3167434262389512,13.157849353601348,0.9298670807757047,0.006919897050894067,1.0163819761612858,0.056078879435422176,0.0,cuda,False,2026-06-10T00:16:04+00:00
cross_B_train_LG_test_PAN,lstm,recal_bias,0.5,2,16,13221,21264,0.07047307507074199,0.056128700671692386,0.3113589640713822,13.430751982975039,0.9306209904388926,0.0066090902696173725,1.0,0.06536094285477291,0.0,cuda,False,2026-06-10T00:16:04+00:00
cross_B_train_LG_test_PAN,lstm,finetune,0.5,2,16,13221,21264,0.02591467855775577,0.018255513818392164,0.14510184526443481,4.435665507685501,0.9906184779471848,0.0013438332825899124,1.0,0.0,4.835,cuda,False,2026-06-10T00:16:09+00:00
cross_B_train_LG_test_PAN,lstm,recal_affine,1.0,2,32,31369,21264,0.07007841896495036,0.05505213125686373,0.3147863037110309,13.138329544218436,0.9313958731013223,-7.329013463503896e-06,0.9908268727667837,0.06411607447713406,0.0,cuda,False,2026-06-10T00:16:09+00:00
cross_B_train_LG_test_PAN,lstm,recal_bias,1.0,2,32,31369,21264,0.07016264067558296,0.05521585738189052,0.3181160774354255,12.960512076125436,0.9312308742601945,-0.00014802309442599844,1.0,0.05860382949072956,0.0,cuda,False,2026-06-10T00:16:10+00:00
cross_B_train_LG_test_PAN,lstm,finetune,1.0,2,32,31369,21264,0.024606531701763187,0.017527034240960516,0.15033197402954102,4.561221018517498,0.9915417121785417,0.0019947306718677282,1.0,0.0,5.689,cuda,False,2026-06-10T00:16:15+00:00
cross_B_train_LG_test_PAN,lstm,recal_affine,0.0,3,0,0,21264,0.09057120569517348,0.06965782024292871,0.4000190496444702,12.873779874352698,0.8854059814103042,-0.05558091309377076,1.0,0.0,21.464,cuda,False,2026-06-10T00:16:37+00:00
cross_B_train_LG_test_PAN,lstm,recal_bias,0.0,3,0,0,21264,0.09057120569517348,0.06965782024292871,0.4000190496444702,12.873779874352698,0.8854059814103042,-0.05558091309377076,1.0,0.0,21.464,cuda,False,2026-06-10T00:16:37+00:00
cross_B_train_LG_test_PAN,lstm,finetune,0.0,3,0,0,21264,0.09057120569517348,0.06965782024292871,0.4000190496444702,12.873779874352698,0.8854059814103042,-0.05558091402053833,1.0,0.0,21.464,cuda,False,2026-06-10T00:16:37+00:00
cross_B_train_LG_test_PAN,lstm,recal_affine,0.05,3,2,1330,21264,0.09037046095973074,0.0722904673780924,0.3044118778075674,14.616986487615726,0.8859133976962947,0.04212083351593102,1.1084933809036468,0.03382674549988305,0.0,cuda,False,2026-06-10T00:16:37+00:00
cross_B_train_LG_test_PAN,lstm,recal_bias,0.05,3,2,1330,21264,0.07872138170971402,0.06470296246165969,0.31152688410497253,15.668443175272929,0.9134300697514189,0.032911252445726936,1.0,0.08849216553949772,0.0,cuda,False,2026-06-10T00:16:37+00:00
cross_B_train_LG_test_PAN,lstm,finetune,0.05,3,2,1330,21264,0.05237276222217499,0.04347231735540533,0.1783428192138672,9.108958471924291,0.9616829018893508,0.030447104945778847,1.0,0.0,0.559,cuda,False,2026-06-10T00:16:38+00:00
cross_B_train_LG_test_PAN,lstm,recal_affine,0.1,3,3,3393,21264,0.07217513748488577,0.05575919434044909,0.3562517202764227,12.421451525943143,0.9272292433036718,-0.012182163011472727,0.980908577071912,0.054638741412300434,0.0,cuda,False,2026-06-10T00:16:38+00:00
cross_B_train_LG_test_PAN,lstm,recal_bias,0.1,3,3,3393,21264,0.07262217020129869,0.05616425742471847,0.35709018002226045,12.084247501473643,0.9263250080260569,-0.012652043471561032,1.0,0.04292886962220973,0.0,cuda,False,2026-06-10T00:16:38+00:00
cross_B_train_LG_test_PAN,lstm,finetune,0.1,3,3,3393,21264,0.03460265389590525,0.025044056189584947,0.20258060097694397,4.925681422694792,0.9832736773927605,0.0024323153775185347,1.0,0.0,1.456,cuda,False,2026-06-10T00:16:39+00:00
cross_B_train_LG_test_PAN,lstm,recal_affine,0.2,3,6,6204,21264,0.07263483677637572,0.055649680739580494,0.34250203825143033,14.529439673366012,0.926299305373586,0.00028881887898436385,0.9146753241179955,0.1061042598422315,0.0,cuda,False,2026-06-10T00:16:39+00:00
cross_B_train_LG_test_PAN,lstm,recal_bias,0.2,3,6,6204,21264,0.07173769404274359,0.055779558736837244,0.35012947609690137,12.337838105091652,0.9281086769547097,-0.00569133954620193,1.0,0.0498895735475688,0.0,cuda,False,2026-06-10T00:16:39+00:00
cross_B_train_LG_test_PAN,lstm,finetune,0.2,3,6,6204,21264,0.03752617919597807,0.029338755340373564,0.16752037405967712,8.37651348382222,0.9803279170311577,0.022066304460167885,1.0,0.0,1.966,cuda,False,2026-06-10T00:16:42+00:00
cross_B_train_LG_test_PAN,lstm,recal_affine,0.5,3,16,15670,21264,0.07115999299692372,0.055473130238447764,0.34589483095571516,12.889889202870625,0.9292618912154851,-0.0018315125505653476,0.9805854207914567,0.06517964871284912,0.0,cuda,False,2026-06-10T00:16:42+00:00
cross_B_train_LG_test_PAN,lstm,recal_bias,0.5,3,16,15670,21264,0.07153835150777373,0.055820262768438614,0.34639526089771056,12.518712178830615,0.9285076607106387,-0.001957124347011082,1.0,0.0536237887467597,0.0,cuda,False,2026-06-10T00:16:42+00:00
cross_B_train_LG_test_PAN,lstm,finetune,0.5,3,16,15670,21264,0.03208898745944114,0.023947948822576448,0.1599947214126587,6.399901484445011,0.985615536178552,0.0013361292658373713,1.0,0.0,4.353,cuda,False,2026-06-10T00:16:46+00:00
cross_B_train_LG_test_PAN,lstm,recal_affine,1.0,3,32,31369,21264,0.07110340698383229,0.055410882637203666,0.34518573848654277,13.06572638074629,0.9293743475518204,-0.001259577939944189,0.9734810099177246,0.06993427399698945,0.0,cuda,False,2026-06-10T00:16:46+00:00
cross_B_train_LG_test_PAN,lstm,recal_bias,1.0,3,32,31369,21264,0.07153196181730417,0.055829140606411524,0.34614581353775975,12.531844826533478,0.9285204313017534,-0.001707676987060292,1.0,0.053873236106710486,0.0,cuda,False,2026-06-10T00:16:47+00:00
cross_B_train_LG_test_PAN,lstm,finetune,1.0,3,32,31369,21264,0.024035277727702475,0.01652352122622882,0.14452901482582092,4.189087705687674,0.9919298809629066,-0.0013391503598541021,1.0,0.0,7.147,cuda,False,2026-06-10T00:16:54+00:00
cross_B_train_LG_test_PAN,lstm,recal_affine,0.0,4,0,0,21264,0.09429567243222887,0.06961919237285617,0.4572969079017639,13.214943335223882,0.8757875365755001,-0.060205333178373795,1.0,0.0,31.141,cuda,False,2026-06-10T00:17:25+00:00
cross_B_train_LG_test_PAN,lstm,recal_bias,0.0,4,0,0,21264,0.09429567243222887,0.06961919237285617,0.4572969079017639,13.214943335223882,0.8757875365755001,-0.060205333178373795,1.0,0.0,31.141,cuda,False,2026-06-10T00:17:25+00:00
cross_B_train_LG_test_PAN,lstm,finetune,0.0,4,0,0,21264,0.09429567243222887,0.06961919237285617,0.4572969079017639,13.214943335223882,0.8757875365755001,-0.060205332934856415,1.0,0.0,31.141,cuda,False,2026-06-10T00:17:25+00:00
cross_B_train_LG_test_PAN,lstm,recal_affine,0.05,4,2,2214,21264,0.0795164846721043,0.059768370091352295,0.4298911967479192,12.100336292572308,0.9116724883785375,-0.031167862916319847,1.0226760911892476,0.015791885021719642,0.0,cuda,False,2026-06-10T00:17:25+00:00
cross_B_train_LG_test_PAN,lstm,recal_bias,0.05,4,2,2214,21264,0.07885903443719205,0.05887449343909721,0.4279421114454478,12.315324744074042,0.913127051550554,-0.03085053672205768,1.0,0.029354796456316085,0.0,cuda,False,2026-06-10T00:17:25+00:00
cross_B_train_LG_test_PAN,lstm,finetune,0.05,4,2,2214,21264,0.03272199608779469,0.02133267840470045,0.18798160552978516,4.407881573499033,0.9850424236622118,-0.00926396157592535,1.0,0.0,0.906,cuda,False,2026-06-10T00:17:26+00:00
cross_B_train_LG_test_PAN,lstm,recal_affine,0.1,4,3,2730,21264,0.08099761223790418,0.06407484356578419,0.3948788893414711,12.538178054249755,0.9083513475188896,0.01059193419394894,1.1164440322122706,0.00277984137400025,0.0,cuda,False,2026-06-10T00:17:26+00:00
cross_B_train_LG_test_PAN,lstm,recal_bias,0.1,4,3,2730,21264,0.07268414643900058,0.057411273845953126,0.3930923939024136,13.606349075555505,0.9261992049229003,0.003999180820976553,1.0,0.06420451399935034,0.0,cuda,False,2026-06-10T00:17:26+00:00
cross_B_train_LG_test_PAN,lstm,finetune,0.1,4,3,2730,21264,0.0495351560249904,0.039269371847835834,0.210421621799469,8.492748837222223,0.9657225329719099,0.022708561271429062,1.0,0.0,0.444,cuda,False,2026-06-10T00:17:27+00:00
cross_B_train_LG_test_PAN,lstm,recal_affine,0.2,4,6,5501,21264,0.07670762959571938,0.06145193931340077,0.3703389489580796,16.587344432701205,0.9178024683356751,0.022502265582141807,0.9409339561116634,0.11720932626738258,0.0,cuda,False,2026-06-10T00:17:27+00:00
cross_B_train_LG_test_PAN,lstm,recal_bias,0.2,4,6,5501,21264,0.07553370382767552,0.06187132079045937,0.37615479565879206,15.134132978827056,0.9202991022516671,0.020936779064598048,1.0,0.0811421122429718,0.0,cuda,False,2026-06-10T00:17:27+00:00
cross_B_train_LG_test_PAN,lstm,finetune,0.2,4,6,5501,21264,0.04248238551765897,0.037103833837057634,0.16682076454162598,8.93522397403778,0.9747884560435963,0.027846381068229675,1.0,0.0,0.848,cuda,False,2026-06-10T00:17:28+00:00
cross_B_train_LG_test_PAN,lstm,recal_affine,0.5,4,16,16836,21264,0.07246102983929857,0.056538064731100665,0.39502647224307763,13.689537081270583,0.9266515981986354,0.0008252685770073144,0.9827703816639197,0.07109478682256727,0.0,cuda,False,2026-06-10T00:17:28+00:00
cross_B_train_LG_test_PAN,lstm,recal_bias,0.5,4,16,16836,21264,0.07257531695894455,0.05687415487316665,0.39666153360437006,13.352248394807672,0.9264200423308511,0.0004300411190200823,1.0,0.06063537429739387,0.0,cuda,False,2026-06-10T00:17:28+00:00
cross_B_train_LG_test_PAN,lstm,finetune,0.5,4,16,16836,21264,0.02776807506051874,0.01876790794397461,0.20910292863845825,4.901348391006395,0.9892285740425315,-0.00032679238938726485,1.0,0.0,1.874,cuda,False,2026-06-10T00:17:30+00:00
cross_B_train_LG_test_PAN,lstm,recal_affine,1.0,4,32,31369,21264,0.07248506832591382,0.056745878057966964,0.3952809904398442,13.565061443699383,0.9266029243931014,0.001145165289166549,0.9907528619146702,0.06675194771715602,0.0,cuda,False,2026-06-10T00:17:30+00:00
cross_B_train_LG_test_PAN,lstm,recal_bias,1.0,4,32,31369,21264,0.07258112743024545,0.05695155668320062,0.3960774925184788,13.39211021816618,0.9264082600510144,0.0010140822049113096,1.0,0.06121941538328512,0.0,cuda,False,2026-06-10T00:17:31+00:00
cross_B_train_LG_test_PAN,lstm,finetune,1.0,4,32,31369,21264,0.023595551848549213,0.016619489064854987,0.1628710925579071,4.1025812102072825,0.9922224658048411,-0.0007630205363966525,1.0,0.0,6.389,cuda,False,2026-06-10T00:17:37+00:00
cross_B_train_LG_test_PAN,mlp,recal_affine,0.0,0,0,0,21264,0.0908496959159766,0.0750811667401593,0.32036852836608887,13.968138812335198,0.8847001858508116,-0.050698108240566794,1.0,0.0,9.037,cuda,False,2026-06-10T00:17:46+00:00
cross_B_train_LG_test_PAN,mlp,recal_bias,0.0,0,0,0,21264,0.0908496959159766,0.0750811667401593,0.32036852836608887,13.968138812335198,0.8847001858508116,-0.050698108240566794,1.0,0.0,9.037,cuda,False,2026-06-10T00:17:46+00:00
cross_B_train_LG_test_PAN,mlp,recal_affine,0.05,0,2,1893,21264,0.07414441346593136,0.05864693853986311,0.2633405761330704,14.190473098497627,0.923204014286527,0.0058549791851360495,0.9585035284792761,0.08118657180275654,0.0,cuda,False,2026-06-10T00:17:46+00:00
cross_B_train_LG_test_PAN,mlp,recal_bias,0.05,0,2,1893,21264,0.07549301477929793,0.05946029725720606,0.2656922029853812,13.319056031186689,0.9203849468495331,0.0039782171401408824,1.0,0.05467632538070769,0.0,cuda,False,2026-06-10T00:17:46+00:00
cross_B_train_LG_test_PAN,mlp,recal_affine,0.1,0,3,3339,21264,0.09137164856033528,0.06822082478493614,0.28579777751982727,12.624679672761047,0.8833715315426449,0.017502293894177488,1.1304600864275973,-0.009244411437858792,0.0,cuda,False,2026-06-10T00:17:46+00:00
cross_B_train_LG_test_PAN,mlp,recal_bias,0.1,0,3,3339,21264,0.07576986736378437,0.05969548073248381,0.2620741229043567,13.522833435694556,0.91979993777277,0.0075962972211653925,1.0,0.058294405461732195,0.0,cuda,False,2026-06-10T00:17:46+00:00
cross_B_train_LG_test_PAN,mlp,recal_affine,0.2,0,6,5673,21264,0.0832754409902529,0.06314818528688745,0.26765721543727305,18.267248422811573,0.9031241483149425,0.0020391545722513774,0.8021859716273483,0.17016528979690063,0.0,cuda,False,2026-06-10T00:17:46+00:00
cross_B_train_LG_test_PAN,mlp,recal_bias,0.2,0,6,5673,21264,0.07586466798693023,0.0599992977139536,0.2781603423815838,12.849501797285196,0.9195991251686384,-0.008489922256061766,1.0,0.042208185984505014,0.0,cuda,False,2026-06-10T00:17:46+00:00
cross_B_train_LG_test_PAN,mlp,recal_affine,0.5,0,16,16494,21264,0.07767222172854353,0.06089053539010195,0.28008570718722714,15.54787614651586,0.9157222161590907,-0.011945995176854055,0.8662377486639031,0.11815718553792759,0.0,cuda,False,2026-06-10T00:17:46+00:00
cross_B_train_LG_test_PAN,mlp,recal_bias,0.5,0,16,16494,21264,0.07745939424105927,0.06183653153291023,0.2874633593807058,12.76040689974218,0.9161834378097318,-0.01779293925518369,1.0,0.0329051689853831,0.0,cuda,False,2026-06-10T00:17:46+00:00
cross_B_train_LG_test_PAN,mlp,recal_affine,1.0,0,32,31369,21264,0.074975921961235,0.05934824796824801,0.27214484202517,15.128892748405523,0.9214718654207515,-0.003654331398449172,0.8968925888805875,0.10825126528363589,0.0,cuda,False,2026-06-10T00:17:46+00:00
cross_B_train_LG_test_PAN,mlp,recal_bias,1.0,0,32,31369,21264,0.07561249217122991,0.05969460677945785,0.275491064719647,12.917046437586894,0.9201327453425455,-0.0058206445941249305,1.0,0.04487746364644186,0.0,cuda,False,2026-06-10T00:17:46+00:00
cross_B_train_LG_test_PAN,mlp,recal_affine,0.0,1,0,0,21264,0.09410724489451912,0.07941521799957073,0.3343260884284973,14.69739036313922,0.8762834588869578,-0.04714526928802903,1.0,0.0,12.445,cuda,False,2026-06-10T00:17:59+00:00
cross_B_train_LG_test_PAN,mlp,recal_bias,0.0,1,0,0,21264,0.09410724489451912,0.07941521799957073,0.3343260884284973,14.69739036313922,0.8762834588869578,-0.04714526928802903,1.0,0.0,12.445,cuda,False,2026-06-10T00:17:59+00:00
cross_B_train_LG_test_PAN,mlp,recal_affine,0.05,1,2,1678,21264,0.10509989329628534,0.07481386997589552,0.30086669474743366,13.521938223607604,0.8456927962146014,0.02728711101474564,1.1540517388302676,-0.01756442937489826,0.0,cuda,False,2026-06-10T00:17:59+00:00
cross_B_train_LG_test_PAN,mlp,recal_bias,0.05,1,2,1678,21264,0.08280417487326046,0.06369765257472094,0.2722464878516132,14.532015476887183,0.9042175108766451,0.014934331288855091,1.0,0.06207960057688413,0.0,cuda,False,2026-06-10T00:17:59+00:00
cross_B_train_LG_test_PAN,mlp,recal_affine,0.1,1,3,2319,21264,0.09832787044142292,0.07160566856938,0.28817480249025357,13.833856654526558,0.8649374583689898,0.026971528163210242,1.1121020249851887,0.007171570248014291,0.0,cuda,False,2026-06-10T00:17:59+00:00
cross_B_train_LG_test_PAN,mlp,recal_bias,0.1,1,3,2319,21264,0.08325705951987551,0.06400150188422221,0.26991116846363417,14.69160657040952,0.9031669105998791,0.01726965067683412,1.0,0.06441491996486313,0.0,cuda,False,2026-06-10T00:17:59+00:00
cross_B_train_LG_test_PAN,mlp,recal_affine,0.2,1,6,5323,21264,0.080824666356501,0.06547980018559459,0.2975816020771279,15.956461695951962,0.90874230559364,-0.014005467846051901,0.8755026015273745,0.10748731325598347,0.0,cuda,False,2026-06-10T00:17:59+00:00
cross_B_train_LG_test_PAN,mlp,recal_bias,0.2,1,6,5323,21264,0.08287370444449028,0.06673340732173834,0.3024959672937352,13.645336747108813,0.9040565887625664,-0.015315148153266915,1.0,0.031830121134762114,0.0,cuda,False,2026-06-10T00:17:59+00:00
cross_B_train_LG_test_PAN,mlp,recal_affine,0.5,1,16,16734,21264,0.08212424168069032,0.06493948314452708,0.28578306571370415,17.379561131535024,0.9057840577115291,-0.0033348597833483557,0.8365465921581655,0.14142171961757788,0.0,cuda,False,2026-06-10T00:17:59+00:00
cross_B_train_LG_test_PAN,mlp,recal_bias,0.5,1,16,16734,21264,0.08214558370090014,0.06552848121190583,0.29787660317743236,13.644990662000506,0.9057350826518883,-0.0106957840369641,1.0,0.03644948525106492,0.0,cuda,False,2026-06-10T00:17:59+00:00
cross_B_train_LG_test_PAN,mlp,recal_affine,1.0,1,32,31369,21264,0.08050508817931672,0.06433397658436833,0.28679330072069864,16.733562778039946,0.909462538964001,-0.003669617185961874,0.8598760111187107,0.12715507068098653,0.0,cuda,False,2026-06-10T00:17:59+00:00
cross_B_train_LG_test_PAN,mlp,recal_bias,1.0,1,32,31369,21264,0.08172492668855454,0.0646702149215845,0.2939237055293519,13.679059551824945,0.9066980478471797,-0.006742886388883572,1.0,0.04040238289914546,0.0,cuda,False,2026-06-10T00:17:59+00:00
cross_B_train_LG_test_PAN,mlp,recal_affine,0.0,2,0,0,21264,0.0910867945028921,0.0751539351179652,0.32542872428894043,13.94035716943188,0.8840975840437094,-0.04997702016045975,1.0,0.0,11.253,cuda,False,2026-06-10T00:18:10+00:00
cross_B_train_LG_test_PAN,mlp,recal_bias,0.0,2,0,0,21264,0.0910867945028921,0.0751539351179652,0.32542872428894043,13.94035716943188,0.8840975840437094,-0.04997702016045975,1.0,0.0,11.253,cuda,False,2026-06-10T00:18:10+00:00
cross_B_train_LG_test_PAN,mlp,recal_affine,0.05,2,2,2003,21264,0.09216384299758067,0.06875026659918798,0.30138677428317406,21.766545185247224,0.8813404212870932,0.02703278640153844,0.7675397304134931,0.2151724509327806,0.0,cuda,False,2026-06-10T00:18:10+00:00
cross_B_train_LG_test_PAN,mlp,recal_bias,0.05,2,2,2003,21264,0.07624565009492616,0.06045244239440384,0.2792329168578594,13.0951847321714,0.9187895728775974,-0.0037812127293787292,1.0,0.04619580743108103,0.0,cuda,False,2026-06-10T00:18:10+00:00
cross_B_train_LG_test_PAN,mlp,recal_affine,0.1,2,3,1654,21264,0.09633432167142637,0.07651115585877598,0.23854309137491553,17.029200023682325,0.870358592160136,0.05303444732339864,1.0521791937903515,0.07199878988508418,0.0,cuda,False,2026-06-10T00:18:10+00:00
cross_B_train_LG_test_PAN,mlp,recal_bias,0.1,2,3,1654,21264,0.0913554036105089,0.07401506386732293,0.23349906536587206,17.868533607900606,0.883412998567173,0.050464920292673486,1.0,0.10044194045313325,0.0,cuda,False,2026-06-10T00:18:10+00:00
cross_B_train_LG_test_PAN,mlp,recal_affine,0.2,2,6,6420,21264,0.0756488522810816,0.060667839592060464,0.2668404763575677,14.586741420807293,0.9200559146418296,-0.01107803769114062,0.9104041994197771,0.09215020150429609,0.0,cuda,False,2026-06-10T00:18:10+00:00
cross_B_train_LG_test_PAN,mlp,recal_bias,0.2,2,6,6420,21264,0.07732238870339352,0.06154626170740365,0.2888550696053145,12.851900181100856,0.916479675025749,-0.013403365476833804,1.0,0.03657365468362596,0.0,cuda,False,2026-06-10T00:18:10+00:00
cross_B_train_LG_test_PAN,mlp,recal_affine,0.5,2,16,13221,21264,0.07456905085615753,0.059302425761637745,0.2518404900077552,14.853222509825065,0.9223218485736496,0.0037854731524829084,0.9270949992686262,0.09709354384823425,0.0,cuda,False,2026-06-10T00:18:10+00:00
cross_B_train_LG_test_PAN,mlp,recal_bias,0.5,2,16,13221,21264,0.07631945068159157,0.06047607036123104,0.2703963145641847,13.494700639328611,0.9186322844880938,0.005055389564295915,1.0,0.05503240972475569,0.0,cuda,False,2026-06-10T00:18:10+00:00
cross_B_train_LG_test_PAN,mlp,recal_affine,1.0,2,32,31369,21264,0.07566665172351703,0.06021490195835951,0.25928781109196364,15.377469842836163,0.9200182900776268,-0.0033676039647562335,0.891109295338595,0.11132855177176786,0.0,cuda,False,2026-06-10T00:18:10+00:00
cross_B_train_LG_test_PAN,mlp,recal_bias,1.0,2,32,31369,21264,0.0763600515856366,0.06057140609956811,0.28108694054481576,13.032367621986207,0.9185456884364683,-0.005635236416335073,1.0,0.04434178374412469,0.0,cuda,False,2026-06-10T00:18:10+00:00
cross_B_train_LG_test_PAN,mlp,recal_affine,0.0,3,0,0,21264,0.09305945024245976,0.07765211994557215,0.3320907950401306,13.584388849730352,0.8790230541123877,-0.049067653485407745,1.0,0.0,5.399,cuda,False,2026-06-10T00:18:16+00:00
cross_B_train_LG_test_PAN,mlp,recal_bias,0.0,3,0,0,21264,0.09305945024245976,0.07765211994557215,0.3320907950401306,13.584388849730352,0.8790230541123877,-0.049067653485407745,1.0,0.0,5.399,cuda,False,2026-06-10T00:18:16+00:00
cross_B_train_LG_test_PAN,mlp,recal_affine,0.05,3,2,1330,21264,0.10343585569363313,0.07733146031835737,0.2575026417568005,14.911839471524935,0.8505403797677757,0.05057144657347472,1.088041016470267,0.047231904611650846,0.0,cuda,False,2026-06-10T00:18:16+00:00
cross_B_train_LG_test_PAN,mlp,recal_bias,0.05,3,2,1330,21264,0.08966321974866778,0.0703700765025793,0.240749434420937,15.713220694977895,0.8876920987851268,0.04227370713378585,1.0,0.09134136061919362,0.0,cuda,False,2026-06-10T00:18:16+00:00
cross_B_train_LG_test_PAN,mlp,recal_affine,0.1,3,3,3393,21264,0.07689767115530463,0.0624405119442371,0.29562530614901295,14.387903941556848,0.9173946784592303,-0.01505065677597568,0.8764424262276251,0.10756573770859369,0.0,cuda,False,2026-06-10T00:18:16+00:00
cross_B_train_LG_test_PAN,mlp,recal_bias,0.1,3,3,3393,21264,0.08129004115903979,0.0646530026469243,0.30188167094525564,12.160973309980946,0.9076883873234818,-0.01885852939053277,1.0,0.03020912409487496,0.0,cuda,False,2026-06-10T00:18:16+00:00
cross_B_train_LG_test_PAN,mlp,recal_affine,0.2,3,6,6204,21264,0.08418319356689467,0.06575856392670373,0.28616639662497945,17.742135940673208,0.9010006266936967,-0.007589314513391931,0.7756397501488527,0.17503076641939444,0.0,cuda,False,2026-06-10T00:18:16+00:00
cross_B_train_LG_test_PAN,mlp,recal_bias,0.2,3,6,6204,21264,0.08402169561598292,0.0680482583482751,0.31143473554943013,12.419664521639426,0.9013801052876906,-0.02841159399470722,1.0,0.020656059490700523,0.0,cuda,False,2026-06-10T00:18:16+00:00
cross_B_train_LG_test_PAN,mlp,recal_affine,0.5,3,16,15670,21264,0.07623755380694348,0.061692079696648555,0.2876322040481901,14.993938912863793,0.9188068189262643,-0.007288438144277707,0.8647914185247615,0.12226332194965381,0.0,cuda,False,2026-06-10T00:18:16+00:00
cross_B_train_LG_test_PAN,mlp,recal_bias,0.5,3,16,15670,21264,0.07959804244184662,0.06226495171846508,0.29215668958980867,12.120122877889346,0.9114912054848839,-0.0091335480350858,1.0,0.03993410545032193,0.0,cuda,False,2026-06-10T00:18:16+00:00
cross_B_train_LG_test_PAN,mlp,recal_affine,1.0,3,32,31369,21264,0.07631732176714237,0.061649661230426256,0.28575369824118113,15.206388410738436,0.9186368238941736,-0.005502349467887318,0.8601277988000772,0.1268254716053678,0.0,cuda,False,2026-06-10T00:18:16+00:00
cross_B_train_LG_test_PAN,mlp,recal_bias,1.0,3,32,31369,21264,0.0795679237485881,0.06221725889312619,0.2918903749900361,12.122543036951319,0.9115581735862989,-0.008867233435313246,1.0,0.04020042005009447,0.0,cuda,False,2026-06-10T00:18:16+00:00
cross_B_train_LG_test_PAN,mlp,recal_affine,0.0,4,0,0,21264,0.09034087325907583,0.07508356669186099,0.31959930062294006,14.223036207525302,0.8859880904136928,-0.0477773148613436,1.0,0.0,12.259,cuda,False,2026-06-10T00:18:28+00:00
cross_B_train_LG_test_PAN,mlp,recal_bias,0.0,4,0,0,21264,0.09034087325907583,0.07508356669186099,0.31959930062294006,14.223036207525302,0.8859880904136928,-0.0477773148613436,1.0,0.0,12.259,cuda,False,2026-06-10T00:18:28+00:00
cross_B_train_LG_test_PAN,mlp,recal_affine,0.05,4,2,2214,21264,0.08021940133961214,0.06476222430178888,0.29677661231270874,13.159395453768227,0.9101039758657015,-0.02037149913887878,1.0150061062282247,0.01845393501791138,0.0,cuda,False,2026-06-10T00:18:28+00:00
cross_B_train_LG_test_PAN,mlp,recal_bias,0.05,4,2,2214,21264,0.07932014289774454,0.06420089821396018,0.292141520782511,13.307343903377811,0.9121081457032072,-0.020319535020914506,1.0,0.027457779840429086,0.0,cuda,False,2026-06-10T00:18:28+00:00
cross_B_train_LG_test_PAN,mlp,recal_affine,0.1,4,3,2730,21264,0.09465024163460485,0.0707895234292975,0.2913607565246555,13.376104974592891,0.8748516565754398,0.022698674261255495,1.1382941231683517,-0.012023259777517677,0.0,cuda,False,2026-06-10T00:18:28+00:00
cross_B_train_LG_test_PAN,mlp,recal_bias,0.1,4,3,2730,21264,0.0778611363687208,0.0614820651710842,0.2582737389829133,14.373575879022596,0.9153117561829732,0.013548246778683186,1.0,0.0613255616400268,0.0,cuda,False,2026-06-10T00:18:28+00:00
cross_B_train_LG_test_PAN,mlp,recal_affine,0.2,4,6,5501,21264,0.07951389235913263,0.06182060381691737,0.2598108440097532,17.492365054182482,0.9116782474063093,0.020830714197912808,0.8865780785926203,0.13626978583200036,0.0,cuda,False,2026-06-10T00:18:28+00:00
cross_B_train_LG_test_PAN,mlp,recal_bias,0.2,4,6,5501,21264,0.07862876054292223,0.06212864551480893,0.2543955570206363,14.658366968961744,0.913633660968588,0.01742642874096016,1.0,0.06520374360230376,0.0,cuda,False,2026-06-10T00:18:28+00:00
cross_B_train_LG_test_PAN,mlp,recal_affine,0.5,4,16,16836,21264,0.07785653144096474,0.061803418579721686,0.26922701683671313,16.101965627473618,0.9153217732911326,-0.0065064239751166045,0.8728126839651483,0.11714438284744082,0.0,cuda,False,2026-06-10T00:18:28+00:00
cross_B_train_LG_test_PAN,mlp,recal_bias,0.5,4,16,16836,21264,0.07743861287685933,0.06203308367830871,0.2826818751919564,13.352076891239406,0.916228405598793,-0.010859889430359957,1.0,0.036917425430983655,0.0,cuda,False,2026-06-10T00:18:28+00:00
cross_B_train_LG_test_PAN,mlp,recal_affine,1.0,4,32,31369,21264,0.07641515519402435,0.06098864420136507,0.2647877902651773,15.749717266335542,0.9184280864736241,-0.002682600035874563,0.8936752017950105,0.10852268841108494,0.0,cuda,False,2026-06-10T00:18:28+00:00
cross_B_train_LG_test_PAN,mlp,recal_bias,1.0,4,32,31369,21264,0.07682400335895144,0.06121748487117067,0.2766309280822881,13.488753372332257,0.9175528740726161,-0.004808942320691675,1.0,0.04296837254065194,0.0,cuda,False,2026-06-10T00:18:28+00:00
cross_B_train_LG_test_PAN,patchtst,recal_affine,0.0,0,0,0,21264,0.07851415283739463,0.063767384078306,0.3076465129852295,11.861752584239541,0.9138852491696227,-0.036536593770116366,1.0,0.0,70.839,cuda,False,2026-06-10T00:19:39+00:00
cross_B_train_LG_test_PAN,patchtst,recal_bias,0.0,0,0,0,21264,0.07851415283739463,0.063767384078306,0.3076465129852295,11.861752584239541,0.9138852491696227,-0.036536593770116366,1.0,0.0,70.839,cuda,False,2026-06-10T00:19:39+00:00
cross_B_train_LG_test_PAN,patchtst,finetune,0.0,0,0,0,21264,0.07851415283739463,0.063767384078306,0.3076465129852295,11.861752584239541,0.9138852491696227,-0.03653659671545029,1.0,0.0,70.839,cuda,False,2026-06-10T00:19:39+00:00
cross_B_train_LG_test_PAN,patchtst,recal_affine,0.05,0,2,1893,21264,0.06988461015241226,0.055196455707602114,0.27588556697966304,11.514211226789492,0.931774811403472,-0.004787581398062657,1.00588236458484,0.028173770449919575,0.0,cuda,False,2026-06-10T00:19:39+00:00
cross_B_train_LG_test_PAN,patchtst,recal_bias,0.05,0,2,1893,21264,0.06963868755324268,0.05503930026324791,0.2755817524730624,11.61849253004669,0.9322541328088202,-0.004471833257949254,1.0,0.0320647605121671,0.0,cuda,False,2026-06-10T00:19:39+00:00
cross_B_train_LG_test_PAN,patchtst,finetune,0.05,0,2,1893,21264,0.07263724169073865,0.04710817802977728,0.27482253313064575,7.915080358103645,0.9262944248836951,0.024626830592751503,1.0,0.0,1.543,cuda,False,2026-06-10T00:19:41+00:00
cross_B_train_LG_test_PAN,patchtst,recal_affine,0.1,0,3,3339,21264,0.08423603684806426,0.06159410978134745,0.2736681377420559,10.959330279567212,0.9008763003659597,0.01766082507214481,1.134365703382722,-0.027468701763218372,0.0,cuda,False,2026-06-10T00:19:41+00:00
cross_B_train_LG_test_PAN,patchtst,recal_bias,0.1,0,3,3339,21264,0.06989577559651931,0.0543276717866772,0.28179617997065887,12.070422868914653,0.9317530090243284,0.007474619374103613,1.0,0.04401121314421997,0.0,cuda,False,2026-06-10T00:19:41+00:00
cross_B_train_LG_test_PAN,patchtst,finetune,0.1,0,3,3339,21264,0.06670035653816045,0.051416805166081214,0.2777070999145508,9.531388495118566,0.9378504537823115,0.003626712830737233,1.0,0.0,0.995,cuda,False,2026-06-10T00:19:42+00:00
cross_B_train_LG_test_PAN,patchtst,recal_affine,0.2,0,6,5673,21264,0.082132371142335,0.06490947449899646,0.29237248270447913,17.153445345544892,0.905765403955151,-0.009053256460148299,0.8021045310417658,0.1477622092866043,0.0,cuda,False,2026-06-10T00:19:42+00:00
cross_B_train_LG_test_PAN,patchtst,recal_bias,0.2,0,6,5673,21264,0.07299267807178075,0.05889124503293724,0.2934343798052229,11.51423406640463,0.9255713319127682,-0.02232446059010974,1.0,0.014212133180006626,0.0,cuda,False,2026-06-10T00:19:42+00:00
cross_B_train_LG_test_PAN,patchtst,finetune,0.2,0,6,5673,21264,0.055915901788151805,0.041426677414145324,0.28594569861888885,8.92646479598685,0.9563230485455898,-0.00412954343482852,1.0,0.0,2.354,cuda,False,2026-06-10T00:19:45+00:00
cross_B_train_LG_test_PAN,patchtst,recal_affine,0.5,0,16,16494,21264,0.07644259409996408,0.06030145441529673,0.28782941719885513,14.755414446248846,0.918369494800085,-0.01643186490264624,0.8582189868785903,0.10627780001316121,0.0,cuda,False,2026-06-10T00:19:45+00:00
cross_B_train_LG_test_PAN,patchtst,recal_bias,0.5,0,16,16494,21264,0.07333781553467632,0.05922114419862695,0.2945382284999709,11.528597214096086,0.924865813112489,-0.023428309284857764,1.0,0.01310828448525863,0.0,cuda,False,2026-06-10T00:19:45+00:00
cross_B_train_LG_test_PAN,patchtst,finetune,0.5,0,16,16494,21264,0.03973089686415066,0.029903269488157032,0.2867699861526489,6.346045272133007,0.9779484872052552,-0.00025715157971717417,1.0,0.0,3.701,cuda,False,2026-06-10T00:19:49+00:00
cross_B_train_LG_test_PAN,patchtst,recal_affine,1.0,0,32,31369,21264,0.07149840856606962,0.0564197112597672,0.28047490029376676,13.82113353152879,0.928587472925322,-0.00749248811203166,0.899884982491638,0.08989300450967175,0.0,cuda,False,2026-06-10T00:19:49+00:00
cross_B_train_LG_test_PAN,patchtst,recal_bias,1.0,0,32,31369,21264,0.070213023147095,0.055902498450368814,0.2811258619068042,11.513286665959896,0.9311320751707061,-0.010015942691691076,1.0,0.02652065107842531,0.0,cuda,False,2026-06-10T00:19:50+00:00
cross_B_train_LG_test_PAN,patchtst,finetune,1.0,0,32,31369,21264,0.03391272489454109,0.025699590532875783,0.26466619968414307,5.995661168513864,0.9839340272911357,0.0005405058618634939,1.0,0.0,29.0,cuda,False,2026-06-10T00:20:19+00:00
cross_B_train_LG_test_PAN,patchtst,recal_affine,0.0,1,0,0,21264,0.07892353296808274,0.06504967079187433,0.30015885829925537,12.322149850195704,0.9129848872697234,-0.036194932230442,1.0,0.0,74.876,cuda,False,2026-06-10T00:21:34+00:00
cross_B_train_LG_test_PAN,patchtst,recal_bias,0.0,1,0,0,21264,0.07892353296808274,0.06504967079187433,0.30015885829925537,12.322149850195704,0.9129848872697234,-0.036194932230442,1.0,0.0,74.876,cuda,False,2026-06-10T00:21:34+00:00
cross_B_train_LG_test_PAN,patchtst,finetune,0.0,1,0,0,21264,0.07892353296808274,0.06504967079187433,0.30015885829925537,12.322149850195704,0.9129848872697234,-0.03619493171572685,1.0,0.0,74.876,cuda,False,2026-06-10T00:21:34+00:00
cross_B_train_LG_test_PAN,patchtst,recal_affine,0.05,1,2,1678,21264,0.091481359859161,0.06670124728647456,0.25385915374929147,11.684314638178865,0.883091288320456,0.025212457523855043,1.1583305316925958,-0.03487840747410991,0.0,cuda,False,2026-06-10T00:21:34+00:00
cross_B_train_LG_test_PAN,patchtst,recal_bias,0.05,1,2,1678,21264,0.071301457456782,0.055882250100383626,0.2539000846534364,12.788579088260033,0.9289803601275078,0.012847057969182722,1.0,0.04904199019962471,0.0,cuda,False,2026-06-10T00:21:34+00:00
cross_B_train_LG_test_PAN,patchtst,finetune,0.05,1,2,1678,21264,0.05366339438414322,0.042244888266073394,0.22547611594200134,7.809216412128689,0.9597711210155703,0.022028053179383278,1.0,0.0,1.349,cuda,False,2026-06-10T00:21:36+00:00
cross_B_train_LG_test_PAN,patchtst,recal_affine,0.1,1,3,2319,21264,0.08340391894405019,0.062040303943635876,0.2513913994005256,11.595536845581226,0.9028249961938504,0.019295435385851448,1.1143107141621011,-0.014025588195791843,0.0,cuda,False,2026-06-10T00:21:36+00:00
cross_B_train_LG_test_PAN,patchtst,recal_bias,0.1,1,3,2319,21264,0.07087371903920742,0.05572450918784446,0.2537544641118463,12.632601931427153,0.9298298998410648,0.010209461956967047,1.0,0.046404394187409076,0.0,cuda,False,2026-06-10T00:21:36+00:00
cross_B_train_LG_test_PAN,patchtst,finetune,0.1,1,3,2319,21264,0.061037361924664225,0.04736336293063379,0.28086358308792114,8.720324862008304,0.9479557012789922,0.022795934230089188,1.0,0.0,1.465,cuda,False,2026-06-10T00:21:37+00:00
cross_B_train_LG_test_PAN,patchtst,recal_affine,0.2,1,6,5323,21264,0.07398700890329934,0.05955222138725645,0.29062219534704103,13.481649347223806,0.9235297355878099,-0.022720528878532868,0.9086420446624147,0.0690320615546571,0.0,cuda,False,2026-06-10T00:21:37+00:00
cross_B_train_LG_test_PAN,patchtst,recal_bias,0.2,1,6,5323,21264,0.07429816783968854,0.06103724383952017,0.2884867074636057,12.025624189070028,0.92288517808407,-0.024522781394792362,1.0,0.011672150835649604,0.0,cuda,False,2026-06-10T00:21:37+00:00
cross_B_train_LG_test_PAN,patchtst,finetune,0.2,1,6,5323,21264,0.07963048229337988,0.052877432735394365,0.25632286071777344,8.87521296747919,0.9114190480010904,0.022735292091965675,1.0,0.0,1.077,cuda,False,2026-06-10T00:21:39+00:00
cross_B_train_LG_test_PAN,patchtst,recal_affine,0.5,1,16,16734,21264,0.07242803444982712,0.05728166706358313,0.2741057998432095,14.796512408918055,0.9267183819050182,-0.004967667395028479,0.8799552872123428,0.10423024632136046,0.0,cuda,False,2026-06-10T00:21:39+00:00
cross_B_train_LG_test_PAN,patchtst,recal_bias,0.5,1,16,16734,21264,0.07089115388090912,0.05747866995362466,0.2742937257555924,11.977557036662779,0.9297953720899319,-0.010329799686779039,1.0,0.025865132543662978,0.0,cuda,False,2026-06-10T00:21:39+00:00
cross_B_train_LG_test_PAN,patchtst,finetune,0.5,1,16,16734,21264,0.03711883215202788,0.026668398808358564,0.21992096304893494,6.151558813322064,0.9807526803531578,0.0010913334554061294,1.0,0.0,6.807,cuda,False,2026-06-10T00:21:46+00:00
cross_B_train_LG_test_PAN,patchtst,recal_affine,1.0,1,32,31369,21264,0.07142641560251228,0.05683943409552167,0.27443945711912654,14.318724271254741,0.9287312134975023,-0.005958698784952128,0.89520676365608,0.09396431038462051,0.0,cuda,False,2026-06-10T00:21:46+00:00
cross_B_train_LG_test_PAN,patchtst,recal_bias,1.0,1,32,31369,21264,0.07063985294976671,0.05713075227802656,0.27239825400688344,12.000349513329876,0.9302922244364119,-0.008434327938070094,1.0,0.027760604292371874,0.0,cuda,False,2026-06-10T00:21:47+00:00
cross_B_train_LG_test_PAN,patchtst,finetune,1.0,1,32,31369,21264,0.030267746113945896,0.021723107643813692,0.18542349338531494,5.012700930270355,0.9872020085373425,0.0011132137151435018,1.0,0.0,17.978,cuda,False,2026-06-10T00:22:05+00:00
cross_B_train_LG_test_PAN,patchtst,recal_affine,0.0,2,0,0,21264,0.07672142164145154,0.06476426853092655,0.26237475872039795,11.998497319945734,0.9177729074161424,-0.027713401435101453,1.0,0.0,71.766,cuda,False,2026-06-10T00:23:17+00:00
cross_B_train_LG_test_PAN,patchtst,recal_bias,0.0,2,0,0,21264,0.07672142164145154,0.06476426853092655,0.26237475872039795,11.998497319945734,0.9177729074161424,-0.027713401435101453,1.0,0.0,71.766,cuda,False,2026-06-10T00:23:17+00:00
cross_B_train_LG_test_PAN,patchtst,finetune,0.0,2,0,0,21264,0.07672142164145154,0.06476426853092655,0.26237475872039795,11.998497319945734,0.9177729074161424,-0.02771339938044548,1.0,0.0,71.766,cuda,False,2026-06-10T00:23:17+00:00
cross_B_train_LG_test_PAN,patchtst,recal_affine,0.05,2,2,2003,21264,0.08736283633184347,0.06673571435329721,0.3163284965391867,20.343621277403194,0.89338087792756,0.023928942782280083,0.7811087108356518,0.1866135840996481,0.0,cuda,False,2026-06-10T00:23:17+00:00
cross_B_train_LG_test_PAN,patchtst,recal_bias,0.05,2,2,2003,21264,0.07174865855928594,0.05852742259092339,0.24551883932059848,11.85991558390235,0.9280866992803408,-0.005452163375641889,1.0,0.02226123805945954,0.0,cuda,False,2026-06-10T00:23:17+00:00
cross_B_train_LG_test_PAN,patchtst,finetune,0.05,2,2,2003,21264,0.09507343879137176,0.07659956752627449,0.3207889497280121,19.64638375903604,0.8737300360883198,0.062185339629650116,1.0,0.0,1.582,cuda,False,2026-06-10T00:23:19+00:00
cross_B_train_LG_test_PAN,patchtst,recal_affine,0.1,2,3,1654,21264,0.08919126748685381,0.06531379321581836,0.27930377919339,13.125878614964096,0.8888712773162077,0.04101608503883678,1.0851956302694727,0.016196743421800455,0.0,cuda,False,2026-06-10T00:23:19+00:00
cross_B_train_LG_test_PAN,patchtst,recal_bias,0.1,2,3,1654,21264,0.08095638805380226,0.06201911017779423,0.28886285996314554,14.671800300001136,0.9084446139588579,0.03789185726690515,1.0,0.06560525870200656,0.0,cuda,False,2026-06-10T00:23:19+00:00
cross_B_train_LG_test_PAN,patchtst,finetune,0.1,2,3,1654,21264,0.08029616219791622,0.05612806049599526,0.233357235789299,10.749030861960522,0.909931852978945,0.03854384273290634,1.0,0.0,0.421,cuda,False,2026-06-10T00:23:19+00:00
cross_B_train_LG_test_PAN,patchtst,recal_affine,0.2,2,6,6420,21264,0.07294836696415692,0.060538952336708904,0.2533523245619469,13.592906404771563,0.9256616701701961,-0.01559937825697393,0.907250841863692,0.06930437058521313,0.0,cuda,False,2026-06-10T00:23:19+00:00
cross_B_train_LG_test_PAN,patchtst,recal_bias,0.2,2,6,6420,21264,0.07388875708803327,0.061750376968329204,0.2531384919233318,11.830891241675086,0.9237326996944358,-0.018477134638035343,1.0,0.009236266797066106,0.0,cuda,False,2026-06-10T00:23:19+00:00
cross_B_train_LG_test_PAN,patchtst,finetune,0.2,2,6,6420,21264,0.0438558616742975,0.032388511893603644,0.2762628197669983,7.083317593248714,0.9731319004957727,0.0024659058544784784,1.0,0.0,1.834,cuda,False,2026-06-10T00:23:21+00:00
cross_B_train_LG_test_PAN,patchtst,recal_affine,0.5,2,16,13221,21264,0.07050017812379235,0.05777712646178385,0.26313112332566124,13.627120051423546,0.9305676155986269,0.001941317681497916,0.9313588126563039,0.0719797755322229,0.0,cuda,False,2026-06-10T00:23:22+00:00
cross_B_train_LG_test_PAN,patchtst,recal_bias,0.5,2,16,13221,21264,0.07160389230062916,0.057244359341833646,0.2539665782699475,12.054646634646332,0.928376603426884,0.0029955755737071563,1.0,0.030708977008808598,0.0,cuda,False,2026-06-10T00:23:22+00:00
cross_B_train_LG_test_PAN,patchtst,finetune,0.5,2,16,13221,21264,0.04631746069923218,0.03433921685417101,0.3058044910430908,7.135463435673498,0.9700310770889569,0.00891454704105854,1.0,0.0,3.425,cuda,False,2026-06-10T00:23:25+00:00
cross_B_train_LG_test_PAN,patchtst,recal_affine,1.0,2,32,31369,21264,0.07240042073358299,0.0594592030187052,0.26218108863977474,14.439009790329719,0.9267742495554786,-0.005229982060026157,0.889569669409775,0.09057620962393866,0.0,cuda,False,2026-06-10T00:23:26+00:00
cross_B_train_LG_test_PAN,patchtst,recal_bias,1.0,2,32,31369,21264,0.07196135651291266,0.059001741121385634,0.24320615166121023,11.833002712445786,0.9276596952268656,-0.007764851035030155,1.0,0.0199485504000713,0.0,cuda,False,2026-06-10T00:23:26+00:00
cross_B_train_LG_test_PAN,patchtst,finetune,1.0,2,32,31369,21264,0.03264640924637843,0.024889134612190906,0.2217281460762024,5.59164471229492,0.9851114469654365,-0.0017246726201847196,1.0,0.0,22.014,cuda,False,2026-06-10T00:23:48+00:00
cross_B_train_LG_test_PAN,patchtst,recal_affine,0.0,3,0,0,21264,0.07521501355374617,0.061561072261708295,0.2752242088317871,11.590865919516508,0.9209702282862058,-0.037153147887354444,1.0,0.0,74.713,cuda,False,2026-06-10T00:25:03+00:00
cross_B_train_LG_test_PAN,patchtst,recal_bias,0.0,3,0,0,21264,0.07521501355374617,0.061561072261708295,0.2752242088317871,11.590865919516508,0.9209702282862058,-0.037153147887354444,1.0,0.0,74.713,cuda,False,2026-06-10T00:25:03+00:00
cross_B_train_LG_test_PAN,patchtst,finetune,0.0,3,0,0,21264,0.07521501355374617,0.061561072261708295,0.2752242088317871,11.590865919516508,0.9209702282862058,-0.037153150886297226,1.0,0.0,74.713,cuda,False,2026-06-10T00:25:03+00:00
cross_B_train_LG_test_PAN,patchtst,recal_affine,0.05,3,2,1330,21264,0.08169363370425102,0.06037999323756507,0.29391079823910404,11.482417319405233,0.9067694859666735,0.03010328492454156,1.120144131237148,-0.005691884185703309,0.0,cuda,False,2026-06-10T00:25:03+00:00
cross_B_train_LG_test_PAN,patchtst,recal_bias,0.05,3,2,1330,21264,0.06877951736575938,0.053598236139602656,0.3045396182546042,12.758496948042323,0.9339154557525987,0.021299768616494446,1.0,0.05845291650384889,0.0,cuda,False,2026-06-10T00:25:03+00:00
cross_B_train_LG_test_PAN,patchtst,finetune,0.05,3,2,1330,21264,0.05257393995919586,0.04227743350951165,0.2288152575492859,8.706165978823869,0.9613879641373114,0.02560645528137684,1.0,0.0,1.141,cuda,False,2026-06-10T00:25:04+00:00
cross_B_train_LG_test_PAN,patchtst,recal_affine,0.1,3,3,3393,21264,0.06646812824096524,0.05346581878396806,0.2826929253781259,12.410205278231027,0.9382824682063726,-0.010474906979833066,0.9386183504158306,0.06394754391544943,0.0,cuda,False,2026-06-10T00:25:05+00:00
cross_B_train_LG_test_PAN,patchtst,recal_bias,0.1,3,3,3393,21264,0.06647973117477521,0.053774543230436886,0.2712977898861327,11.194861117362304,0.9382609190230798,-0.01194205975197706,1.0,0.025211088135377376,0.0,cuda,False,2026-06-10T00:25:05+00:00
cross_B_train_LG_test_PAN,patchtst,finetune,0.1,3,3,3393,21264,0.054486669445707,0.04174985225607436,0.3292083740234375,7.960298045024647,0.9585273128849993,0.004962608218193054,1.0,0.0,2.824,cuda,False,2026-06-10T00:25:08+00:00
cross_B_train_LG_test_PAN,patchtst,recal_affine,0.2,3,6,6204,21264,0.07672999068858483,0.06066590020179428,0.30300511757359905,16.0906376965505,0.9177545384348103,-0.008764245496655427,0.8236108335686794,0.1354877069288583,0.0,cuda,False,2026-06-10T00:25:08+00:00
cross_B_train_LG_test_PAN,patchtst,recal_bias,0.2,3,6,6204,21264,0.0698132801135582,0.05703097393658048,0.26250366650060597,11.240867465593729,0.9319140129175959,-0.024432605556173298,1.0,0.012720542331181136,0.0,cuda,False,2026-06-10T00:25:08+00:00
cross_B_train_LG_test_PAN,patchtst,finetune,0.2,3,6,6204,21264,0.04836585505423534,0.03842073337625547,0.27961747348308563,8.22941429607747,0.9673217048298027,0.011065380647778511,1.0,0.0,1.444,cuda,False,2026-06-10T00:25:09+00:00
cross_B_train_LG_test_PAN,patchtst,recal_affine,0.5,3,16,15670,21264,0.06724909998737812,0.05368688117958818,0.2892295116325127,13.104569898481452,0.9368236393697612,-0.007743804034139823,0.9150902229458245,0.08096429929683356,0.0,cuda,False,2026-06-10T00:25:09+00:00
cross_B_train_LG_test_PAN,patchtst,recal_bias,0.5,3,16,15670,21264,0.06599860178982916,0.053176254136008606,0.27435877018447086,11.228591272724577,0.939151325659002,-0.00888107945363888,1.0,0.02827206843371557,0.0,cuda,False,2026-06-10T00:25:10+00:00
cross_B_train_LG_test_PAN,patchtst,finetune,0.5,3,16,15670,21264,0.041549277697503724,0.031969838966303656,0.2809957265853882,7.17337693919905,0.9758838149399812,-0.000308383401716128,1.0,0.0,3.486,cuda,False,2026-06-10T00:25:13+00:00
cross_B_train_LG_test_PAN,patchtst,recal_affine,1.0,3,32,31369,21264,0.06737978465498755,0.05373848863468475,0.2902085841815534,13.207004011358087,0.9365778605034561,-0.007245178142192015,0.912119769714616,0.08326650528633131,0.0,cuda,False,2026-06-10T00:25:14+00:00
cross_B_train_LG_test_PAN,patchtst,recal_bias,1.0,3,32,31369,21264,0.06607138586644618,0.05327225183814517,0.27383314116158974,11.22138964565121,0.93901704230963,-0.00940670847652001,1.0,0.027746439410834406,0.0,cuda,False,2026-06-10T00:25:14+00:00
cross_B_train_LG_test_PAN,patchtst,finetune,1.0,3,32,31369,21264,0.033199137419603265,0.024353677909183573,0.2662402391433716,5.386664311216063,0.9846030304373943,-0.004945002030581236,1.0,0.0,24.882,cuda,False,2026-06-10T00:25:39+00:00
cross_B_train_LG_test_PAN,patchtst,recal_affine,0.0,4,0,0,21264,0.07810048640013394,0.06565158855922638,0.33425372838974,12.304210705476642,0.9147902819122906,-0.028697814966535843,1.0,0.0,67.269,cuda,False,2026-06-10T00:26:46+00:00
cross_B_train_LG_test_PAN,patchtst,recal_bias,0.0,4,0,0,21264,0.07810048640013394,0.06565158855922638,0.33425372838974,12.304210705476642,0.9147902819122906,-0.028697814966535843,1.0,0.0,67.269,cuda,False,2026-06-10T00:26:46+00:00
cross_B_train_LG_test_PAN,patchtst,finetune,0.0,4,0,0,21264,0.07810048640013394,0.06565158855922638,0.33425372838974,12.304210705476642,0.9147902819122906,-0.028697814792394638,1.0,0.0,67.269,cuda,False,2026-06-10T00:26:46+00:00
cross_B_train_LG_test_PAN,patchtst,recal_affine,0.05,4,2,2214,21264,0.0756499082484169,0.06205225436186101,0.31879051524724755,11.786682269202565,0.9200536827789676,-0.014125150393250055,1.0290630701760894,-0.003319395609687464,0.0,cuda,False,2026-06-10T00:26:47+00:00
cross_B_train_LG_test_PAN,patchtst,recal_bias,0.05,4,2,2214,21264,0.07401234063756071,0.0612587461378006,0.3197582081168917,12.174369026258047,0.9234773627168735,-0.014202294693687563,1.0,0.014495520272848297,0.0,cuda,False,2026-06-10T00:26:47+00:00
cross_B_train_LG_test_PAN,patchtst,finetune,0.05,4,2,2214,21264,0.07770127921726827,0.05420231261130134,0.34492576122283936,10.321184078347304,0.9156591470522472,-0.02683190256357193,1.0,0.0,1.743,cuda,False,2026-06-10T00:26:48+00:00
cross_B_train_LG_test_PAN,patchtst,recal_affine,0.1,4,3,2730,21264,0.09587063253408767,0.06703943617399859,0.2747464095820342,11.271120481221828,0.8716036030521767,0.025526758354729784,1.1724025034722323,-0.051911356197915114,0.0,cuda,False,2026-06-10T00:26:48+00:00
cross_B_train_LG_test_PAN,patchtst,recal_bias,0.1,4,3,2730,21264,0.07398051497898628,0.05790490463734297,0.29152041541023566,13.071064346482785,0.9235431587636734,0.014035498012968453,1.0,0.0427333129795043,0.0,cuda,False,2026-06-10T00:26:49+00:00
cross_B_train_LG_test_PAN,patchtst,finetune,0.1,4,3,2730,21264,0.06777909225309131,0.04948531114653964,0.26588600873947144,8.6942629859334,0.935823925686343,0.031257499009370804,1.0,0.0,0.927,cuda,False,2026-06-10T00:26:50+00:00
cross_B_train_LG_test_PAN,patchtst,recal_affine,0.2,4,6,5501,21264,0.07589495178810367,0.060301465979356976,0.28994706623490285,16.3678516497912,0.9195349232115215,0.018824458010949768,0.8950584771800958,0.11212728650875829,0.0,cuda,False,2026-06-10T00:26:50+00:00
cross_B_train_LG_test_PAN,patchtst,recal_bias,0.2,4,6,5501,21264,0.07426588315123737,0.057969788742902977,0.2900865886755216,13.160659066331492,0.9229521807347532,0.015469324747682546,1.0,0.0441671397142184,0.0,cuda,False,2026-06-10T00:26:50+00:00
cross_B_train_LG_test_PAN,patchtst,finetune,0.2,4,6,5501,21264,0.061349271088729666,0.04500717294323234,0.22232604026794434,9.121901917145694,0.9474224354285022,0.034564513713121414,1.0,0.0,3.978,cuda,False,2026-06-10T00:26:54+00:00
cross_B_train_LG_test_PAN,patchtst,recal_affine,0.5,4,16,16836,21264,0.0751720429706467,0.061048040756998,0.31405105323379523,15.467968619622388,0.9210605024256934,-0.004621737954318385,0.8735914537829838,0.10189680630384426,0.0,cuda,False,2026-06-10T00:26:54+00:00
cross_B_train_LG_test_PAN,patchtst,recal_bias,0.5,4,16,16836,21264,0.0731527481521695,0.05999726492982272,0.3142278895607844,12.226174808808459,0.9252445356792209,-0.008671976137580237,1.0,0.020025838828955644,0.0,cuda,False,2026-06-10T00:26:54+00:00
cross_B_train_LG_test_PAN,patchtst,finetune,0.5,4,16,16836,21264,0.042501267166254166,0.033295452976150844,0.29203009605407715,6.917113353902009,0.9747660401035925,-0.00075435423059389,1.0,0.0,4.205,cuda,False,2026-06-10T00:26:59+00:00
cross_B_train_LG_test_PAN,patchtst,recal_affine,1.0,4,32,31369,21264,0.07319655331423928,0.06013121707855787,0.31244428069431374,14.67503068979393,0.9251549790793747,-0.0039057714711769895,0.9026629270567693,0.08471553941588082,0.0,cuda,False,2026-06-10T00:26:59+00:00
cross_B_train_LG_test_PAN,patchtst,recal_bias,1.0,4,32,31369,21264,0.07288141936736976,0.05948000387019408,0.31152080209931887,12.274066828593657,0.9257980540002383,-0.005964888676114705,1.0,0.02273292629042112,0.0,cuda,False,2026-06-10T00:26:59+00:00
cross_B_train_LG_test_PAN,patchtst,finetune,1.0,4,32,31369,21264,0.03376951892085685,0.025571088540312422,0.2467769980430603,5.728724924136631,0.9840694269386644,0.0021869451738893986,1.0,0.0,28.565,cuda,False,2026-06-10T00:27:28+00:00
cross_B_train_LG_test_PAN,tcn,recal_affine,0.0,0,0,0,21264,0.09936396985468951,0.07943772010738556,0.40426066517829895,14.269507641282633,0.8620761028390631,-0.05483361897815616,1.0,0.0,51.598,cuda,False,2026-06-10T00:28:20+00:00
cross_B_train_LG_test_PAN,tcn,recal_bias,0.0,0,0,0,21264,0.09936396985468951,0.07943772010738556,0.40426066517829895,14.269507641282633,0.8620761028390631,-0.05483361897815616,1.0,0.0,51.598,cuda,False,2026-06-10T00:28:20+00:00
cross_B_train_LG_test_PAN,tcn,recal_affine,0.05,0,2,1893,21264,0.07982005011875876,0.0631195555326432,0.3340906648674087,15.094295527786919,0.9109967954782321,0.0009171611250155641,0.922141726004431,0.10164767971158861,0.0,cuda,False,2026-06-10T00:28:20+00:00
cross_B_train_LG_test_PAN,tcn,recal_bias,0.05,0,2,1893,21264,0.08292440951645963,0.06469906408995792,0.3525869447129842,13.497001579678445,0.9039391496825019,-0.003159898512841412,1.0,0.051673720465314744,0.0,cuda,False,2026-06-10T00:28:20+00:00
cross_B_train_LG_test_PAN,tcn,recal_affine,0.1,0,3,3339,21264,0.09910619601294803,0.07426278322246652,0.36561899352508154,13.231389025616055,0.8627907895848758,0.013216070170708128,1.1259341374950642,-0.006187590580872307,0.0,cuda,False,2026-06-10T00:28:20+00:00
cross_B_train_LG_test_PAN,tcn,recal_bias,0.1,0,3,3339,21264,0.08296528997064662,0.06494994155041564,0.3453323417087985,13.84826428836545,0.9038444133029141,0.004094704491344244,1.0,0.05892832346950044,0.0,cuda,False,2026-06-10T00:28:20+00:00
cross_B_train_LG_test_PAN,tcn,recal_affine,0.2,0,6,5673,21264,0.08174724246016894,0.06411187709653518,0.3195331296584508,17.03923038484639,0.9066470869125143,0.008105611659895283,0.8631483072353211,0.14361233166800547,0.0,cuda,False,2026-06-10T00:28:20+00:00
cross_B_train_LG_test_PAN,tcn,recal_bias,0.2,0,6,5673,21264,0.08289603193135044,0.0648220424305936,0.34712935716081883,13.75005763196819,0.9040048844533158,0.002297689039323974,1.0,0.05713130801748015,0.0,cuda,False,2026-06-10T00:28:20+00:00
cross_B_train_LG_test_PAN,tcn,recal_affine,0.5,0,16,16494,21264,0.08020338454909026,0.06332788951426929,0.34007389300700286,15.032194761842485,0.9101398699766473,-0.0070139618777853,0.90654779779411,0.10290906664820273,0.0,cuda,False,2026-06-10T00:28:20+00:00
cross_B_train_LG_test_PAN,tcn,recal_bias,0.5,0,16,16494,21264,0.08351536717236549,0.0651427576264104,0.35983587989527827,13.269571024574741,0.9025651230868575,-0.010408833695135462,1.0,0.044424785283020705,0.0,cuda,False,2026-06-10T00:28:20+00:00
cross_B_train_LG_test_PAN,tcn,recal_affine,1.0,0,32,31369,21264,0.07984028181581652,0.06309890882947033,0.3353878340033176,15.145268759392467,0.9109516711247642,-0.0013986377819334198,0.9139870561490235,0.10413900077386372,0.0,cuda,False,2026-06-10T00:28:20+00:00
cross_B_train_LG_test_PAN,tcn,recal_bias,1.0,0,32,31369,21264,0.08291702266100866,0.06469674100596984,0.3523867610384656,13.505089376263705,0.9039562630032989,-0.0029597148383228087,1.0,0.051873904139833345,0.0,cuda,False,2026-06-10T00:28:20+00:00
cross_B_train_LG_test_PAN,tcn,recal_affine,0.0,1,0,0,21264,0.0975180390802283,0.07345177426070894,0.471549391746521,13.770542862911695,0.867153055262298,-0.06029425616508547,1.0,0.0,51.869,cuda,False,2026-06-10T00:29:12+00:00
cross_B_train_LG_test_PAN,tcn,recal_bias,0.0,1,0,0,21264,0.0975180390802283,0.07345177426070894,0.471549391746521,13.770542862911695,0.867153055262298,-0.06029425616508547,1.0,0.0,51.869,cuda,False,2026-06-10T00:29:12+00:00
cross_B_train_LG_test_PAN,tcn,recal_affine,0.05,1,2,1678,21264,0.09106736822600311,0.07139329534193807,0.4153098015883938,13.217208565285555,0.8841470162877584,0.015062992210924959,1.153717611785511,-0.01441879603588671,0.0,cuda,False,2026-06-10T00:29:12+00:00
cross_B_train_LG_test_PAN,tcn,recal_bias,0.05,1,2,1678,21264,0.07676847569454288,0.060993204237129846,0.406892998386019,14.208049169913242,0.9176720150087152,0.0043621371954165235,1.0,0.06465639336050197,0.0,cuda,False,2026-06-10T00:29:12+00:00
cross_B_train_LG_test_PAN,tcn,recal_affine,0.1,1,3,2319,21264,0.08285482287330288,0.0662777578567247,0.40996319007981097,13.555546984391768,0.9041003024107565,0.01214906548234584,1.0872978549613392,0.021458558008192522,0.0,cuda,False,2026-06-10T00:29:12+00:00
cross_B_train_LG_test_PAN,tcn,recal_bias,0.1,1,3,2319,21264,0.0768495970379455,0.06119016161952661,0.4056435453128383,14.298526087256604,0.9174979309123134,0.005611590268597229,1.0,0.0659058464336827,0.0,cuda,False,2026-06-10T00:29:12+00:00
cross_B_train_LG_test_PAN,tcn,recal_affine,0.2,1,6,5323,21264,0.07784599670103251,0.060646305288235114,0.42353828664701776,13.146624037238508,0.9153446873030316,-0.010136279798173897,1.017262152104395,0.04007632263857047,0.0,cuda,False,2026-06-10T00:29:12+00:00
cross_B_train_LG_test_PAN,tcn,recal_bias,0.2,1,6,5323,21264,0.07729997212171226,0.0601414470595963,0.42130078491164336,13.40226364208634,0.9165280948644804,-0.010045649330207811,1.0,0.05024860683487766,0.0,cuda,False,2026-06-10T00:29:12+00:00
cross_B_train_LG_test_PAN,tcn,recal_affine,0.5,1,16,16734,21264,0.07656810772382677,0.05962958915335331,0.4053980617811711,14.813044773222147,0.9181012110753827,-0.00017753901063117392,0.9514780388492673,0.08845510784776536,0.0,cuda,False,2026-06-10T00:29:12+00:00
cross_B_train_LG_test_PAN,tcn,recal_bias,0.5,1,16,16734,21264,0.0766689332673895,0.06030502662715922,0.413192842681964,13.802226590577474,0.9178853790031793,-0.0019377071005284663,1.0,0.058356549064556985,0.0,cuda,False,2026-06-10T00:29:12+00:00
cross_B_train_LG_test_PAN,tcn,recal_affine,1.0,1,32,31369,21264,0.07633986428736644,0.0598926485460272,0.4085340654122769,14.327496988095437,0.9185887508779274,-0.0003133456213777082,0.975601449551538,0.07423045113443333,0.0,cuda,False,2026-06-10T00:29:13+00:00
cross_B_train_LG_test_PAN,tcn,recal_bias,1.0,1,32,31369,21264,0.07664764900163012,0.060399399619209,0.4119561904474094,13.875183127586748,0.9179309647898306,-0.0007010548659738674,1.0,0.05959320129911161,0.0,cuda,False,2026-06-10T00:29:13+00:00
cross_B_train_LG_test_PAN,tcn,recal_affine,0.0,2,0,0,21264,0.09623870200457256,0.07310763057468471,0.4526505172252655,13.716859684306835,0.8706158237648185,-0.060593078094075575,1.0,0.0,51.745,cuda,False,2026-06-10T00:30:05+00:00
cross_B_train_LG_test_PAN,tcn,recal_bias,0.0,2,0,0,21264,0.09623870200457256,0.07310763057468471,0.4526505172252655,13.716859684306835,0.8706158237648185,-0.060593078094075575,1.0,0.0,51.745,cuda,False,2026-06-10T00:30:05+00:00
cross_B_train_LG_test_PAN,tcn,recal_affine,0.05,2,2,2003,21264,0.09449347869272574,0.07038980100974793,0.3330985194075633,22.34176303190175,0.8752658631455208,0.037785579337528394,0.7986769983227746,0.2158976256240588,0.0,cuda,False,2026-06-10T00:30:05+00:00
cross_B_train_LG_test_PAN,tcn,recal_bias,0.05,2,2,2003,21264,0.0762291646467255,0.061440790310513554,0.3772075606088786,14.588019999276595,0.9188246868953752,0.014849878522311333,1.0,0.07544295661638692,0.0,cuda,False,2026-06-10T00:30:05+00:00
cross_B_train_LG_test_PAN,tcn,recal_affine,0.1,2,3,1654,21264,0.0895280652509274,0.07590529044482548,0.34191326622816876,18.72773650962427,0.888030419849171,0.04950810919209476,0.9939520995172899,0.11363154903588361,0.0,cuda,False,2026-06-10T00:30:05+00:00
cross_B_train_LG_test_PAN,tcn,recal_bias,0.1,2,3,1654,21264,0.08983650863191758,0.0762050886203501,0.34225551514664465,18.63483990364272,0.8872575724027183,0.04980192398454527,1.0,0.11039500207862081,0.0,cuda,False,2026-06-10T00:30:05+00:00
cross_B_train_LG_test_PAN,tcn,recal_affine,0.2,2,6,6420,21264,0.0757661712128303,0.05848932981586317,0.4042929676654571,12.904665771428697,0.9198077621049663,-0.012214533508529366,1.0001996275280491,0.048262015322006024,0.0,cuda,False,2026-06-10T00:30:05+00:00
cross_B_train_LG_test_PAN,tcn,recal_bias,0.2,2,6,6420,21264,0.07575909686363365,0.058483024764156684,0.40426702990988705,12.907583881671183,0.9198227366351465,-0.012209590778697104,1.0,0.048383487315378455,0.0,cuda,False,2026-06-10T00:30:05+00:00
cross_B_train_LG_test_PAN,tcn,recal_affine,0.5,2,16,13221,21264,0.07485889555615353,0.05941251637716072,0.382758916045008,14.228711959434499,0.9217168158803711,0.007940180987474113,0.9870844418674743,0.07607250225157532,0.0,cuda,False,2026-06-10T00:30:05+00:00
cross_B_train_LG_test_PAN,tcn,recal_bias,0.5,2,16,13221,21264,0.07521770090377458,0.05985346225605599,0.3838515949552679,14.028432409941919,0.9209645808910039,0.008205844175922062,1.0,0.06879892226999768,0.0,cuda,False,2026-06-10T00:30:05+00:00
cross_B_train_LG_test_PAN,tcn,recal_affine,1.0,2,32,31369,21264,0.07424395933791716,0.05779408901070364,0.3897923859557493,13.923671721595927,0.9229976641412758,-0.0009422623800837963,0.9695038013280047,0.07745246665237245,0.0,cuda,False,2026-06-10T00:30:05+00:00
cross_B_train_LG_test_PAN,tcn,recal_bias,1.0,2,32,31369,21264,0.07478280735021325,0.058521204391206845,0.3935071372269783,13.38196386379969,0.921875872459282,-0.001449698095788333,1.0,0.059143379998287275,0.0,cuda,False,2026-06-10T00:30:05+00:00
cross_B_train_LG_test_PAN,tcn,recal_affine,0.0,3,0,0,21264,0.0985190530840465,0.07977945046331887,0.4366392493247986,14.352862431277089,0.8644117332314806,-0.05312062530817591,1.0,0.0,32.195,cuda,False,2026-06-10T00:30:37+00:00
cross_B_train_LG_test_PAN,tcn,recal_bias,0.0,3,0,0,21264,0.0985190530840465,0.07977945046331887,0.4366392493247986,14.352862431277089,0.8644117332314806,-0.05312062530817591,1.0,0.0,32.195,cuda,False,2026-06-10T00:30:37+00:00
cross_B_train_LG_test_PAN,tcn,recal_affine,0.05,3,2,1330,21264,0.1054021722001187,0.08163585004939893,0.3486022834441982,15.960573816381457,0.8448039106538738,0.04556386426747351,1.110186106913899,0.03354181393491642,0.0,cuda,False,2026-06-10T00:30:37+00:00
cross_B_train_LG_test_PAN,tcn,recal_bias,0.05,3,2,1330,21264,0.09039802158690202,0.07304724580337273,0.34763548982546744,16.842672665921622,0.8858438002251231,0.03588313419115523,1.0,0.08900375949933116,0.0,cuda,False,2026-06-10T00:30:37+00:00
cross_B_train_LG_test_PAN,tcn,recal_affine,0.1,3,3,3393,21264,0.08138657120797502,0.06506841505736281,0.38878319024931596,14.741584440994169,0.9074690213329377,-0.012209252405048714,0.9281327795094323,0.08339969710970238,0.0,cuda,False,2026-06-10T00:30:37+00:00
cross_B_train_LG_test_PAN,tcn,recal_bias,0.1,3,3,3393,21264,0.08415741225339736,0.06669903027494296,0.39759935729805085,13.48767462492875,0.901061255019656,-0.014080733281428134,1.0,0.03903989202674778,0.0,cuda,False,2026-06-10T00:30:37+00:00
cross_B_train_LG_test_PAN,tcn,recal_affine,0.2,3,6,6204,21264,0.08172541656374942,0.06473212855388502,0.369870700837132,16.668149843391543,0.9066969293035276,0.00155783017470316,0.874885436409601,0.12864692267148742,0.0,cuda,False,2026-06-10T00:30:37+00:00
cross_B_train_LG_test_PAN,tcn,recal_bias,0.2,3,6,6204,21264,0.08330296758491643,0.06581533692860407,0.3909470438356748,13.63083616544927,0.9030600933426415,-0.00742841981905215,1.0,0.045692205489123734,0.0,cuda,False,2026-06-10T00:30:37+00:00
cross_B_train_LG_test_PAN,tcn,recal_affine,0.5,3,16,15670,21264,0.08058095858229841,0.06426215654719515,0.37824073905734934,14.95340270379274,0.909291808128516,-0.0003072065125730356,0.9422025718217545,0.08698359888578519,0.0,cuda,False,2026-06-10T00:30:37+00:00
cross_B_train_LG_test_PAN,tcn,recal_bias,0.5,3,16,15670,21264,0.08297328759834303,0.06550429570993185,0.3841215066186223,13.886535377967043,0.9038258741367361,-0.0006028826019996479,1.0,0.05251774270617627,0.0,cuda,False,2026-06-10T00:30:38+00:00
cross_B_train_LG_test_PAN,tcn,recal_affine,1.0,3,32,31369,21264,0.08050457653464732,0.06421592308916275,0.37718931438995484,15.113837739853267,0.9094636897698236,0.0001195249868367296,0.9357379223720464,0.09123226923055636,0.0,cuda,False,2026-06-10T00:30:38+00:00
cross_B_train_LG_test_PAN,tcn,recal_bias,1.0,3,32,31369,21264,0.0829761470364458,0.06550497191807676,0.3844340417181761,13.87247877200675,0.9038192452877036,-0.0009154177015533977,1.0,0.05220520760662251,0.0,cuda,False,2026-06-10T00:30:38+00:00
cross_B_train_LG_test_PAN,tcn,recal_affine,0.0,4,0,0,21264,0.09875465115571108,0.07652131557370696,0.4836598336696625,14.172185547936877,0.8637624673490613,-0.05897771293000284,1.0,0.0,51.777,cuda,False,2026-06-10T00:31:30+00:00
cross_B_train_LG_test_PAN,tcn,recal_bias,0.0,4,0,0,21264,0.09875465115571108,0.07652131557370696,0.4836598336696625,14.172185547936877,0.8637624673490613,-0.05897771293000284,1.0,0.0,51.777,cuda,False,2026-06-10T00:31:30+00:00
cross_B_train_LG_test_PAN,tcn,recal_affine,0.05,4,2,2214,21264,0.08541818023760367,0.06585083166233899,0.45500553621665896,13.511745459778886,0.898074633663496,-0.03461552192406867,0.9690292070446339,0.042490907637693955,0.0,cuda,False,2026-06-10T00:31:30+00:00
cross_B_train_LG_test_PAN,tcn,recal_bias,0.05,4,2,2214,21264,0.08667157240342109,0.06714977360709604,0.45986522691931775,13.2438665664363,0.89506146364535,-0.035183106179658113,1.0,0.023794606750344734,0.0,cuda,False,2026-06-10T00:31:30+00:00
cross_B_train_LG_test_PAN,tcn,recal_affine,0.1,4,3,2730,21264,0.08989387783104219,0.07055076909374361,0.42468235986778824,13.643921210543933,0.8871135327894909,0.0143073143696359,1.103239815354451,0.012853724802045887,0.0,cuda,False,2026-06-10T00:31:30+00:00
cross_B_train_LG_test_PAN,tcn,recal_bias,0.1,4,3,2730,21264,0.07961673593524426,0.06353631899555956,0.4166376109006422,14.383298500005578,0.9114496282601628,0.008044509839017413,1.0,0.06702222276902024,0.0,cuda,False,2026-06-10T00:31:30+00:00
cross_B_train_LG_test_PAN,tcn,recal_affine,0.2,4,6,5501,21264,0.08107364765943523,0.06422888443597122,0.391691334409782,17.313546541324925,0.9081791988704276,0.019759595277331968,0.9045269534447166,0.1346223418732765,0.0,cuda,False,2026-06-10T00:31:30+00:00
cross_B_train_LG_test_PAN,tcn,recal_bias,0.2,4,6,5501,21264,0.08097915369052489,0.0654936418757377,0.407844281507701,15.0943250104759,0.9083931143855033,0.01683783923195862,1.0,0.07581555216196147,0.0,cuda,False,2026-06-10T00:31:30+00:00
cross_B_train_LG_test_PAN,tcn,recal_affine,0.5,4,16,16836,21264,0.07790332483859416,0.0608770436057382,0.41767682306292864,14.870805805200495,0.9152199559459046,-0.0018876953738609645,0.9358303318149402,0.09465165611533288,0.0,cuda,False,2026-06-10T00:31:30+00:00
cross_B_train_LG_test_PAN,tcn,recal_bias,0.5,4,16,16836,21264,0.0792919385637437,0.0623325708247482,0.4283016536880022,13.68234265697817,0.9121706390472647,-0.0036195329483425616,1.0,0.05535817998166031,0.0,cuda,False,2026-06-10T00:31:30+00:00
cross_B_train_LG_test_PAN,tcn,recal_affine,1.0,4,32,31369,21264,0.07785091589323956,0.06099201233901083,0.4187321884449239,14.694485851185496,0.9153339880010838,-0.001598722829014186,0.9455307463101826,0.08926250263194714,0.0,cuda,False,2026-06-10T00:31:30+00:00
cross_B_train_LG_test_PAN,tcn,recal_bias,1.0,4,32,31369,21264,0.0792508301946174,0.06237442944432419,0.42724797032677775,13.733933390566499,0.9122616845162053,-0.0025658495871181057,1.0,0.05641186334288471,0.0,cuda,False,2026-06-10T00:31:30+00:00
cross_B_train_LG_test_PAN,transformer,recal_affine,0.0,0,0,0,21264,0.09384784819666568,0.0762492976105156,0.3211600184440613,13.970185349007872,0.8769645421261685,-0.05186378838216915,1.0,0.0,98.055,cuda,False,2026-06-10T00:33:09+00:00
cross_B_train_LG_test_PAN,transformer,recal_bias,0.0,0,0,0,21264,0.09384784819666568,0.0762492976105156,0.3211600184440613,13.970185349007872,0.8769645421261685,-0.05186378838216915,1.0,0.0,98.055,cuda,False,2026-06-10T00:33:09+00:00
cross_B_train_LG_test_PAN,transformer,recal_affine,0.05,0,2,1893,21264,0.07591951305311137,0.0609553537168646,0.24949339536180726,15.117339467520669,0.9194828342696584,0.003178194263248775,0.919576403664486,0.10268996601258491,0.0,cuda,False,2026-06-10T00:33:09+00:00
cross_B_train_LG_test_PAN,transformer,recal_bias,0.05,0,2,1893,21264,0.07821945934190387,0.06218827257265957,0.2701434336653854,13.37432816026552,0.9145304788611696,-0.0008472036034932747,1.0,0.05101658477867588,0.0,cuda,False,2026-06-10T00:33:09+00:00
cross_B_train_LG_test_PAN,transformer,recal_affine,0.1,0,3,3339,21264,0.09501057618874457,0.07199862894176118,0.29411746200525396,12.972487050031683,0.8738969604043898,0.01436728232329945,1.1310728269825376,-0.011424694076510502,0.0,cuda,False,2026-06-10T00:33:09+00:00
cross_B_train_LG_test_PAN,transformer,recal_bias,0.1,0,3,3339,21264,0.07836100712186672,0.06247523653310499,0.26451278241827086,13.66709576065874,0.9142208636450654,0.004783447643621222,1.0,0.056647236025790394,0.0,cuda,False,2026-06-10T00:33:09+00:00
cross_B_train_LG_test_PAN,transformer,recal_affine,0.2,0,6,5673,21264,0.07814100251048883,0.061873936175624554,0.24604886512409807,16.641761257910552,0.9147018506619663,0.004611623558499519,0.8632824782383527,0.1374754479962887,0.0,cuda,False,2026-06-10T00:33:09+00:00
cross_B_train_LG_test_PAN,transformer,recal_bias,0.2,0,6,5673,21264,0.07823429086936444,0.06218639609485811,0.2710392739621815,13.334987364337827,0.9144980633026335,-0.0017430439002893827,1.0,0.05012074448187978,0.0,cuda,False,2026-06-10T00:33:09+00:00
cross_B_train_LG_test_PAN,transformer,recal_affine,0.5,0,16,16494,21264,0.07661361175272483,0.06148475559876182,0.26120599157748736,14.809863514018915,0.9180038380997306,-0.009010419096065094,0.9062519240127971,0.09839561023124849,0.0,cuda,False,2026-06-10T00:33:10+00:00
cross_B_train_LG_test_PAN,transformer,recal_bias,0.5,0,16,16494,21264,0.07922703625385571,0.06297384261725314,0.28191990653809323,12.997475320132729,0.9123143609836643,-0.012623676476201095,1.0,0.03924011190596806,0.0,cuda,False,2026-06-10T00:33:10+00:00
cross_B_train_LG_test_PAN,transformer,recal_affine,1.0,0,32,31369,21264,0.0758642701128538,0.0609333743165383,0.25441303605649557,14.82436691203455,0.9195999684950718,-0.0017131022702615243,0.9203698019777812,0.09732861054913428,0.0,cuda,False,2026-06-10T00:33:11+00:00
cross_B_train_LG_test_PAN,transformer,recal_bias,1.0,0,32,31369,21264,0.0782793076276994,0.062206974285345114,0.27247175157465386,13.275901964134858,0.9143996377309274,-0.0031755215127617256,1.0,0.04868826686940744,0.0,cuda,False,2026-06-10T00:33:12+00:00
cross_B_train_LG_test_PAN,transformer,recal_affine,0.0,1,0,0,21264,0.08943891518338157,0.07262940650828256,0.32372963428497314,13.292903850614971,0.8882533024867107,-0.052468162636497555,1.0,0.0,109.314,cuda,False,2026-06-10T00:35:01+00:00
cross_B_train_LG_test_PAN,transformer,recal_bias,0.0,1,0,0,21264,0.08943891518338157,0.07262940650828256,0.32372963428497314,13.292903850614971,0.8882533024867107,-0.052468162636497555,1.0,0.0,109.314,cuda,False,2026-06-10T00:35:01+00:00
cross_B_train_LG_test_PAN,transformer,recal_affine,0.05,1,2,1678,21264,0.09035954838403173,0.06799469599160811,0.29197599953672704,12.262222561353607,0.8859409488120623,0.0201056136586346,1.1338993159557536,-0.006675652558390095,0.0,cuda,False,2026-06-10T00:35:01+00:00
cross_B_train_LG_test_PAN,transformer,recal_bias,0.05,1,2,1678,21264,0.07312271927969466,0.0583345286894833,0.26123547463436947,13.175204306388205,0.9253058966428722,0.010025997014106117,1.0,0.062494159650603696,0.0,cuda,False,2026-06-10T00:35:02+00:00
cross_B_train_LG_test_PAN,transformer,recal_affine,0.1,1,3,2319,21264,0.08206993308004318,0.06344340875474432,0.2806815620705772,12.410651360341337,0.9059086261467658,0.01583791966288385,1.0828519976810582,0.019269435258055866,0.0,cuda,False,2026-06-10T00:35:02+00:00
cross_B_train_LG_test_PAN,transformer,recal_bias,0.1,1,3,2319,21264,0.07302999007316262,0.05821304806221517,0.26193580859665627,13.123732913393358,0.9254952203786554,0.009325663051819331,1.0,0.061793825688316886,0.0,cuda,False,2026-06-10T00:35:02+00:00
cross_B_train_LG_test_PAN,transformer,recal_affine,0.2,1,6,5323,21264,0.07181243929905999,0.0574041938542548,0.271013668985388,12.826496842454011,0.9279587882567639,-0.01172877558833871,0.9607141089034545,0.0639910699203231,0.0,cuda,False,2026-06-10T00:35:02+00:00
cross_B_train_LG_test_PAN,transformer,recal_bias,0.2,1,6,5323,21264,0.07342143250265923,0.05811384218336514,0.2832737691811035,12.155383266981492,0.924694385196824,-0.012012297532627869,1.0,0.0404558651038697,0.0,cuda,False,2026-06-10T00:35:02+00:00
cross_B_train_LG_test_PAN,transformer,recal_affine,0.5,1,16,16734,21264,0.07143213228664295,0.0569342998394375,0.24315840745065165,14.545113322066081,0.9287198049047135,-0.0011952886617829467,0.9038947622945976,0.10815356185292527,0.0,cuda,False,2026-06-10T00:35:02+00:00
cross_B_train_LG_test_PAN,transformer,recal_bias,0.5,1,16,16734,21264,0.07260265338967928,0.05738868631781795,0.276234782466406,12.346206502239355,0.9263646022084234,-0.004973310817930393,1.0,0.04749485181856714,0.0,cuda,False,2026-06-10T00:35:03+00:00
cross_B_train_LG_test_PAN,transformer,recal_affine,1.0,1,32,31369,21264,0.07080450786033139,0.056626526337173556,0.25026154243687965,13.980672535245962,0.9299668810550884,-0.0014756337846090052,0.9262750593979295,0.09462725090606709,0.0,cuda,False,2026-06-10T00:35:03+00:00
cross_B_train_LG_test_PAN,transformer,recal_bias,1.0,1,32,31369,21264,0.07248629561477321,0.05729940148357945,0.27406354110195486,12.428988372276772,0.9266004389108392,-0.0028020694534792476,1.0,0.04966609318301829,0.0,cuda,False,2026-06-10T00:35:04+00:00
cross_B_train_LG_test_PAN,transformer,recal_affine,0.0,2,0,0,21264,0.09419975034911482,0.07640979450442699,0.30906182527542114,13.749814957938067,0.8760401177984058,-0.05433279411352896,1.0,0.0,90.319,cuda,False,2026-06-10T00:36:35+00:00
cross_B_train_LG_test_PAN,transformer,recal_bias,0.0,2,0,0,21264,0.09419975034911482,0.07640979450442699,0.30906182527542114,13.749814957938067,0.8760401177984058,-0.05433279411352896,1.0,0.0,90.319,cuda,False,2026-06-10T00:36:35+00:00
cross_B_train_LG_test_PAN,transformer,recal_affine,0.05,2,2,2003,21264,0.09517112736709171,0.071832500692338,0.2946394092160677,22.63985295938625,0.8734704163606183,0.03457152660767184,0.757129365979343,0.23219647037848945,0.0,cuda,False,2026-06-10T00:36:35+00:00
cross_B_train_LG_test_PAN,transformer,recal_bias,0.05,2,2,2003,21264,0.07707457807728693,0.06055144319622607,0.2503758557531397,13.062544680277602,0.917014165956271,0.0043531754087524875,1.0,0.05868596952228146,0.0,cuda,False,2026-06-10T00:36:35+00:00
cross_B_train_LG_test_PAN,transformer,recal_affine,0.1,2,3,1654,21264,0.09486174030134535,0.07830560152292898,0.2063068263158473,17.81018262884243,0.8742917366034885,0.05385773441497612,1.0151393848241406,0.09925838650694013,0.0,cuda,False,2026-06-10T00:36:35+00:00
cross_B_train_LG_test_PAN,transformer,recal_bias,0.1,2,3,1654,21264,0.09347863210891776,0.07750026888712909,0.21183661998507475,18.044534100736094,0.8779307296841465,0.053072725681859965,1.0,0.10740551979538895,0.0,cuda,False,2026-06-10T00:36:35+00:00
cross_B_train_LG_test_PAN,transformer,recal_affine,0.2,2,6,6420,21264,0.0756789561879641,0.060324843027732854,0.26829299517283867,14.110010883336816,0.9199922756551404,-0.011537176666210408,0.9095518036838938,0.09615948556180201,0.0,cuda,False,2026-06-10T00:36:35+00:00
cross_B_train_LG_test_PAN,transformer,recal_bias,0.2,2,6,6420,21264,0.07820265078112418,0.06148726120791691,0.26866151620735446,12.440118593628661,0.9145672079640177,-0.01393248504546228,1.0,0.04040030906806668,0.0,cuda,False,2026-06-10T00:36:35+00:00
cross_B_train_LG_test_PAN,transformer,recal_affine,0.5,2,16,13221,21264,0.07462223725956324,0.05946253414489845,0.2526178036255349,14.277530794150012,0.922211001115647,0.0030271301904664237,0.9327250320351439,0.0970517331415741,0.0,cuda,False,2026-06-10T00:36:36+00:00
cross_B_train_LG_test_PAN,transformer,recal_bias,0.5,2,16,13221,21264,0.0770626818670846,0.060531279365209065,0.2505918235413994,13.049970669286806,0.9170397811659385,0.004137207620492741,1.0,0.0584700017340217,0.0,cuda,False,2026-06-10T00:36:36+00:00
cross_B_train_LG_test_PAN,transformer,recal_affine,1.0,2,32,31369,21264,0.0752902347242485,0.059944881257430326,0.2611366015733906,14.796857857881044,0.9208120767616336,-0.0037101801659492764,0.8955629223133333,0.11223983426732774,0.0,cuda,False,2026-06-10T00:36:37+00:00
cross_B_train_LG_test_PAN,transformer,recal_bias,1.0,2,32,31369,21264,0.07717848288150313,0.060473389609334946,0.2606432318887901,12.609382810094383,0.9167902675148515,-0.005914200726897929,1.0,0.048418593386631056,0.0,cuda,False,2026-06-10T00:36:38+00:00
cross_B_train_LG_test_PAN,transformer,recal_affine,0.0,3,0,0,21264,0.08744686312629807,0.0700229180628466,0.30639493465423584,12.931980689783042,0.8931756837783915,-0.06502983743812611,1.0,0.0,105.578,cuda,False,2026-06-10T00:38:24+00:00
cross_B_train_LG_test_PAN,transformer,recal_bias,0.0,3,0,0,21264,0.08744686312629807,0.0700229180628466,0.30639493465423584,12.931980689783042,0.8931756837783915,-0.06502983743812611,1.0,0.0,105.578,cuda,False,2026-06-10T00:38:24+00:00
cross_B_train_LG_test_PAN,transformer,recal_affine,0.05,3,2,1330,21264,0.06588027141146184,0.05638121491925928,0.23020479081839407,12.924618035407487,0.9393693239717145,0.026988002027580234,1.0676420856638038,0.052833003810931006,0.0,cuda,False,2026-06-10T00:38:24+00:00
cross_B_train_LG_test_PAN,transformer,recal_bias,0.05,3,2,1330,21264,0.062461369653668726,0.05223389374764285,0.21937990707338306,13.656864254662196,0.9454989765644897,0.02198519014272667,1.0,0.08701502758085279,0.0,cuda,False,2026-06-10T00:38:24+00:00
cross_B_train_LG_test_PAN,transformer,recal_affine,0.1,3,3,3393,21264,0.059060126117156594,0.045615963601435584,0.2563221198001959,10.574744954610996,0.95127291949752,-0.006699931288767829,1.0352879465080134,0.03788771589248783,0.0,cuda,False,2026-06-10T00:38:24+00:00
cross_B_train_LG_test_PAN,transformer,recal_bias,0.1,3,3,3393,21264,0.05877792970621174,0.04438324722774921,0.24742899918991873,11.126892915579637,0.951737454780628,-0.0060639019738090395,1.0,0.0589659354643171,0.0,cuda,False,2026-06-10T00:38:24+00:00
cross_B_train_LG_test_PAN,transformer,recal_affine,0.2,3,6,6204,21264,0.058903959331485276,0.04784869295771025,0.23903217451429337,11.781265880435711,0.9515302671006743,0.00745232310771427,1.0218785430868196,0.059807993171937204,0.0,cuda,False,2026-06-10T00:38:24+00:00
cross_B_train_LG_test_PAN,transformer,recal_bias,0.2,3,6,6204,21264,0.05910388169713878,0.04752483341713183,0.2326936084010922,12.283491685631716,0.9512006923757448,0.008671488815017512,1.0,0.07370132625314361,0.0,cuda,False,2026-06-10T00:38:24+00:00
cross_B_train_LG_test_PAN,transformer,recal_affine,0.5,3,16,15670,21264,0.05923936237920428,0.04783647263658232,0.2501534192197435,10.990601861180108,0.9509767158540849,0.0028448065134845067,1.0497159595492986,0.039074353640615886,0.0,cuda,False,2026-06-10T00:38:25+00:00
cross_B_train_LG_test_PAN,transformer,recal_bias,0.5,3,16,15670,21264,0.0585373621034931,0.04599199022694119,0.23844129000032643,11.778387664747015,0.9521317063373752,0.0029238072157833144,1.0,0.06795364465390943,0.0,cuda,False,2026-06-10T00:38:25+00:00
cross_B_train_LG_test_PAN,transformer,recal_affine,1.0,3,32,31369,21264,0.058960717765238424,0.047507941625194366,0.24842247407460444,11.092890215998805,0.951436813567652,0.0028562877827597575,1.0423675668642927,0.04334273439580978,0.0,cuda,False,2026-06-10T00:38:26+00:00
cross_B_train_LG_test_PAN,transformer,recal_bias,1.0,3,32,31369,21264,0.058560630726162216,0.04609551764933608,0.23800751510311036,11.814335157436233,0.9520936434456839,0.0033575821129993473,1.0,0.06838741955112547,0.0,cuda,False,2026-06-10T00:38:26+00:00
cross_B_train_LG_test_PAN,transformer,recal_affine,0.0,4,0,0,21264,0.08990413155618128,0.07384114774284595,0.32200080156326294,13.342620590025108,0.8870877785813066,-0.05234595210458929,1.0,0.0,105.863,cuda,False,2026-06-10T00:40:13+00:00
cross_B_train_LG_test_PAN,transformer,recal_bias,0.0,4,0,0,21264,0.08990413155618128,0.07384114774284595,0.32200080156326294,13.342620590025108,0.8870877785813066,-0.05234595210458929,1.0,0.0,105.863,cuda,False,2026-06-10T00:40:13+00:00
cross_B_train_LG_test_PAN,transformer,recal_affine,0.05,4,2,2214,21264,0.07610415735373544,0.06140035387522207,0.2912645227948693,12.210415447973554,0.9190907054411377,-0.024235290438078008,0.9848792833822427,0.0370618320384654,0.0,cuda,False,2026-06-10T00:40:13+00:00
cross_B_train_LG_test_PAN,transformer,recal_bias,0.05,4,2,2214,21264,0.07704224292525867,0.061961541223418834,0.2940034228423316,12.068107805013256,0.9170837815610803,-0.02434857338365796,1.0,0.027997378720931353,0.0,cuda,False,2026-06-10T00:40:13+00:00
cross_B_train_LG_test_PAN,transformer,recal_affine,0.1,4,3,2730,21264,0.08687143477962689,0.06576491943457397,0.2789435438141875,12.356414485110797,0.894576934599682,0.020510728379480262,1.0995499646144289,0.01392503615054035,0.0,cuda,False,2026-06-10T00:40:13+00:00
cross_B_train_LG_test_PAN,transformer,recal_bias,0.1,4,3,2730,21264,0.07440149374471171,0.05913197788296063,0.255764993364776,13.159976896908946,0.9226705429325646,0.013889856093897646,1.0,0.06623580819848693,0.0,cuda,False,2026-06-10T00:40:13+00:00
cross_B_train_LG_test_PAN,transformer,recal_affine,0.2,4,6,5501,21264,0.07388791618613645,0.058802281398321166,0.24195097151903877,16.029017152216074,0.9237344356270751,0.017056868174724106,0.8853425816804521,0.1372777835982749,0.0,cuda,False,2026-06-10T00:40:13+00:00
cross_B_train_LG_test_PAN,transformer,recal_bias,0.2,4,6,5501,21264,0.07426196891585043,0.05898349438773348,0.2565328885486745,13.102302437916888,0.9229603022392793,0.013121960909999123,1.0,0.06546791301458842,0.0,cuda,False,2026-06-10T00:40:13+00:00
cross_B_train_LG_test_PAN,transformer,recal_affine,0.5,4,16,16836,21264,0.0716453732387508,0.057769614095356615,0.26503819927501315,14.261911755365158,0.9282935949156345,-0.0055753018514532555,0.8956232978401105,0.10855962940764768,0.0,cuda,False,2026-06-10T00:40:14+00:00
cross_B_train_LG_test_PAN,transformer,recal_bias,0.5,4,16,16836,21264,0.07363918448718526,0.058380365667258835,0.27860333105068175,12.062000654026212,0.9242470427007677,-0.008948481592008119,1.0,0.04339747051258117,0.0,cuda,False,2026-06-10T00:40:14+00:00
cross_B_train_LG_test_PAN,transformer,recal_affine,1.0,4,32,31369,21264,0.07100680183208277,0.0573161160657214,0.263811521183809,13.938619307130029,0.9295661292747261,-0.0036160695953419398,0.912173245127779,0.10072161451180801,0.0,cuda,False,2026-06-10T00:40:15+00:00
cross_B_train_LG_test_PAN,transformer,recal_bias,1.0,4,32,31369,21264,0.07329463581641932,0.05801166724555678,0.27508158607715333,12.149648529064278,0.9249542618321234,-0.005426736618479664,1.0,0.04691921548610962,0.0,cuda,False,2026-06-10T00:40:16+00:00
